CCN(CC)c1ccc2c(c1)O[B-](c1ccccc1)(c1ccccc1)[N+](c1ccccc1)=C2,48
CCN(CC)c1ccc2c(c1)O[B-](c1ccccc1)(c1ccccc1)[N+](c1ccc(F)cc1)=C2,46
CCN(CC)c1ccc2c(c1)O[B-](c1ccccc1)(c1ccccc1)[N+](c1ccc(Cl)cc1)=C2,88
CCN(CC)c1ccc2c(c1)O[B-](c1ccccc1)(c1ccccc1)[N+](c1ccc(OC)cc1)=C2,41
CCN(CC)c1ccc([N+]2=Cc3ccc(N(CC)CC)cc3O[B-]2(c2ccccc2)c2ccccc2)cc1,54
CCN(CC)c1ccc2c(c1)O[B-](c1ccccc1)(c1ccccc1)[N+](c1ccc(C(=O)OC)cc1)=C2,137
CCOC(=O)c1ccc([N+]2=Cc3ccc(N(CC)CC)cc3O[B-]2(c2ccccc2)c2ccccc2)cc1,176
CCN(CC)c1ccc(/C=N/c2ccc(/C(C#N)=C/c3ccc(N(CC)CCO)cc3)cc2)c(O)c1,27
Cc1ccc2c(c1)C(=O)[C@]1(O)CCN(c3ccccc3)C1=N2,667
CCOC(=O)CN(CC(=O)OCC)c1ccc(-c2cc(-c3ccccn3)cc(-c3ccccn3)c2)cc1,71
CCOC(=O)CN(CC(=O)OCC)c1ccc(-c2cc(-c3cccnc3)cc(-c3cccnc3)c2)cc1,105
CCOC(=O)CN(CC(=O)OCC)c1ccc(-c2cc(-c3ccncc3)cc(-c3ccncc3)c2)cc1,94
CCN(CC)c1ccc2cc(/C=N/NC(=S)SCc3ccccc3)c(=O)oc2c1,275
CN(CCO)c1ccc(/C=C(\C#N)c2ccc([N+](=O)[O-])cc2)cc1,1045.88
CCN(CCO)c1ccc(/C=C(\C#N)c2ccc([N+](=O)[O-])cc2)cc1,3951.13
N#C/C(=C\c1ccc(N(CCO)CCO)cc1)c1ccc([N+](=O)[O-])cc1,7581.88
CN(CCO)c1ccc(/C=C(\C#N)c2ccc(N)cc2)cc1,890.23
CCN(CCO)c1ccc(/C=C(\C#N)c2ccc(N)cc2)cc1,936.58
N#C/C(=C\c1ccc(N(CCO)CCO)cc1)c1ccc(N)cc1,3790.94
CCCCCCCCOc1ccc(/C=C/c2cc(/C=C/c3ccc(OCCCCCCCC)cc3)nc(-c3ccc(-c4ccc(-c5nc(/C=C/c6ccc(OCCCCCCCC)cc6)cc(/C=C/c6ccc(OCCCCCCCC)cc6)n5)s4)s3)n2)cc1,1352
O=C(/C=C/c1ccc(N(c2ccccc2)c2ccccc2)s1)c1ccccc1,187
O=C(/C=C/c1ccc(N(c2ccccc2)c2ccccc2)s1)c1ccccn1,156
O=C(/C=C/c1ccc(N(c2ccccc2)c2ccccc2)s1)c1cccnc1,215
CCOc1ccc(N(c2ccc(OCC)cc2)c2ccc(/C=C/C(=O)c3ccccc3)s2)cc1,422
CCOc1ccc(N(c2ccc(OCC)cc2)c2ccc(/C=C/C(=O)c3ccccn3)s2)cc1,820
CCOc1ccc(N(c2ccc(OCC)cc2)c2ccc(/C=C/C(=O)c3cccnc3)s2)cc1,545
CCCCCCCCCCCCN(CCCCCCCCCCCC)c1ccc(/C=C/c2c3ccccc3c(C=C3C(=O)CC(C)(C)CC3=O)c3ccccc23)cc1,700
CCCCCCCCCCCCN(CCCCCCCCCCCC)c1ccc(/C=C/c2c3ccccc3c(C=C3C(=O)c4ccccc4C3=O)c3ccccc23)cc1,970
CCCCCCCCCCCCN(CCCCCCCCCCCC)c1ccc(C#Cc2c3ccccc3c(C=C3C(=O)CC(C)(C)CC3=O)c3ccccc23)cc1,1000
CCCCCCCCCCCCN(CCCCCCCCCCCC)c1ccc(C#Cc2c3ccccc3c(C=C3C(=O)c4ccccc4C3=O)c3ccccc23)cc1,2500
CN(C)c1cccc2c(/C=C3\CC/C(=C\c4ccc(N(C)C)c5c(N(C)C)cccc45)C3=O)ccc(N(C)C)c12,600
CCN(CC)c1ccc(/C=C/c2cccs2)cc1,3851
C(=C/c1cccs1)\c1ccc(N(c2ccccc2)c2ccccc2)cc1,230
CCOc1ccc(N(c2ccc(/C=C/c3cccs3)cc2)c2ccc(OCC)cc2)cc1,2900
CCN(CC)c1ccc(/C=C/C(=O)c2cccs2)cc1,8300
O=C(/C=C/c1ccc(N(c2ccccc2)c2ccccc2)cc1)c1cccs1,8700
CCOc1ccc(N(c2ccc(/C=C/C(=O)c3cccs3)cc2)c2ccc(OCC)cc2)cc1,2785
COc1ccc(/C=C/c2cc(/C=C/c3ccc(OC)c(OC)c3)nc(-c3nc(/C=C/c4ccc(OC)c(OC)c4)cc(/C=C/c4ccc(OC)c(OC)c4)n3)n2)cc1OC,325
CCCCCCCCCCCCOc1ccc(/C=C/c2cc(/C=C/c3ccc(OCCCCCCCCCCCC)c(OCCCCCCCCCCCC)c3)nc(-c3nc(/C=C/c4ccc(OCCCCCCCCCCCC)c(OCCCCCCCCCCCC)c4)cc(/C=C/c4ccc(OCCCCCCCCCCCC)c(OCCCCCCCCCCCC)c4)n3)n2)cc1OCCCCCCCCCCCC,380
CCCCCCCCCCCCCCCCOc1ccc(/C=C/c2cc(/C=C/c3ccc(OCCCCCCCCCCCCCCCC)c(OCCCCCCCCCCCCCCCC)c3)nc(-c3nc(/C=C/c4ccc(OCCCCCCCCCCCCCCCC)c(OCCCCCCCCCCCCCCCC)c4)cc(/C=C/c4ccc(OCCCCCCCCCCCCCCCC)c(OCCCCCCCCCCCCCCCC)c4)n3)n2)cc1OCCCCCCCCCCCCCCCC,372
CCCCCCCCCCCCOc1cc(/C=C/c2cc(/C=C/c3cc(OCCCCCCCCCCCC)cc(OCCCCCCCCCCCC)c3)nc(-c3nc(/C=C/c4cc(OCCCCCCCCCCCC)cc(OCCCCCCCCCCCC)c4)cc(/C=C/c4cc(OCCCCCCCCCCCC)cc(OCCCCCCCCCCCC)c4)n3)n2)cc(OCCCCCCCCCCCC)c1,120
CCCCCCCCCCCCCCCCOc1cc(/C=C/c2cc(/C=C/c3cc(OCCCCCCCCCCCCCCCC)cc(OCCCCCCCCCCCCCCCC)c3)nc(-c3nc(/C=C/c4cc(OCCCCCCCCCCCCCCCC)cc(OCCCCCCCCCCCCCCCC)c4)cc(/C=C/c4cc(OCCCCCCCCCCCCCCCC)cc(OCCCCCCCCCCCCCCCC)c4)n3)n2)cc(OCCCCCCCCCCCCCCCC)c1,110
N#CC(C#N)=C(c1ccc(N(c2ccccc2)c2ccccc2)cc1)c1ccc(N(c2ccccc2)c2ccccc2)cc1,1420
N#CC(C#N)=C(c1ccc(-n2c3ccccc3c3ccccc32)cc1)c1ccc(-n2c3ccccc3c3ccccc32)cc1,802
CCCCOc1c(/C=C/c2ccc(N(c3ccc(OC)cc3)c3ccc(OC)cc3)cc2)sc(/C=C/c2sc(/C=C/c3ccc(N(c4ccc(OC)cc4)c4ccc(OC)cc4)cc3)c(OCCCC)c2OCCCC)c1OCCCC,3900
CN(C)c1ccc(-c2ccc(C(c3ccc(-c4ccc(N(C)C)cc4)s3)=c3ccc(=C4C=CC(=[N+](C)C)C=C4)s3)s2)cc1,20550
CCn1c2ccccc2c2cc(/C=C/c3ccc(/C=C/c4ccc5c(c4)c4ccccc4n5CC)cc3)ccc21,4660
CCn1c2ccccc2c2cc(/C=C/c3ccc(-c4ccc(/C=C/c5ccc6c(c5)c5ccccc5n6CC)cc4)cc3)ccc21,6520
CCN1c2ccccc2Sc2cc(/C=C/c3ccc(/C=C/c4ccc5c(c4)Sc4ccccc4N5CC)cc3)ccc21,8700
CCN1c2ccccc2Sc2cc(/C=C/c3ccc(-c4ccc(/C=C/c5ccc6c(c5)Sc5ccccc5N6CC)cc4)cc3)ccc21,10870
Cc1cc(C#N)c(/C=C/c2ccc(N(C)C)cc2)cc1C#N,5560
Cc1cc(C#N)c(/C=C/c2ccc(N(c3ccccc3)c3ccccc3)cc2)cc1C#N,6670
CCCCCCC1(CCCCCC)c2cc(-c3nnc(-c4ccc(C(C)(C)C)cc4)o3)ccc2-c2ccc(N(c3ccccc3)c3ccccc3)cc21,185
CCCCCCC1(CCCCCC)c2cc(-c3nnc(-c4ccc(C(C)(C)C)cc4)o3)ccc2-c2ccc(N(c3ccc4c(c3)C(CCCCCC)(CCCCCC)c3cc(N(c5ccccc5)c5ccccc5)ccc3-4)c3ccc4c(c3)C(CCCCCC)(CCCCCC)c3cc(N(c5ccccc5)c5ccccc5)ccc3-4)cc21,600
CCCCCCC1(CCCCCC)c2cc(-c3nnc(-c4ccc(C(C)(C)C)cc4)o3)ccc2-c2ccc(N(c3ccc4c(c3)C(CCCCCC)(CCCCCC)c3cc(N(c5ccc6c(c5)C(CCCCCC)(CCCCCC)c5cc(N(c7ccccc7)c7ccccc7)ccc5-6)c5ccc6c(c5)C(CCCCCC)(CCCCCC)c5cc(N(c7ccccc7)c7ccccc7)ccc5-6)ccc3-4)c3ccc4c(c3)C(CCCCCC)(CCCCCC)c3cc(N(c5ccc6c(c5)C(CCCCCC)(CCCCCC)c5cc(N(c7ccccc7)c7ccccc7)ccc5-6)c5ccc6c(c5)C(CCCCCC)(CCCCCC)c5cc(N(c7ccccc7)c7ccccc7)ccc5-6)ccc3-4)cc21,1200
C#Cc1ccc2c(c1)C(CC)(CC)c1cc(C#Cc3ccc(N(c4ccccc4)c4ccccc4)cc3)ccc1-2,84
C#Cc1ccc2c(c1)C(CC)(CC)c1cc(C#Cc3ccc(N)cc3)ccc1-2,48
C#Cc1ccc2c(c1)C(CC)(CC)c1cc(C#Cc3ccc(OC)cc3)ccc1-2,17
C#Cc1ccc2c(c1)C(CC)(CC)c1cc(C#Cc3ccc(C(C)(C)C)cc3)ccc1-2,21
C#Cc1ccc2c(c1)C(CC)(CC)c1cc(C#Cc3ccc(C)cc3)ccc1-2,16
C#Cc1ccc2c(c1)C(CC)(CC)c1cc(C#Cc3ccccc3)ccc1-2,30
C#Cc1ccc2c(c1)C(CC)(CC)c1cc(C#Cc3ccc(F)cc3)ccc1-2,15
C#Cc1ccc2c(c1)C(CC)(CC)c1cc(C#Cc3ccc(C(F)(F)F)cc3)ccc1-2,7
C#Cc1ccc2c(c1)C(CC)(CC)c1cc(C#Cc3ccc(C#N)cc3)ccc1-2,24
C#Cc1ccc2c(c1)C(CC)(CC)c1cc(C#Cc3ccc(-c4nc(C)c(C)s4)cc3)ccc1-2,64
COc1ccc(/C=C/c2cc(C#N)c(C)cc2C#N)cc1,1660
COc1cc(/C=C/c2cc(C#N)c(C)cc2C#N)cc(OC)c1OC,2100
Cc1cc(C#N)c(/C=C/c2ccc(C#N)cc2)cc1C#N,1480
CCCCCCCCN1c2ccccc2Sc2cc(/C=C/c3cc(C#N)c(C)cc3C#N)ccc21,2800
Clc1cccc(Cl)c1-c1c2nc(cc3ccc([nH]3)c(C#Cc3ccc(N(c4ccccc4)c4ccc(/C=C/c5ccc(N(c6ccccc6)c6ccccc6)cc5)cc4)cc3)c3nc(cc4ccc1[nH]4)C=C3)C=C2,1000
Clc1cccc(Cl)c1-c1c2nc(cc3ccc([nH]3)c(/C=C/c3ccc(N(c4ccccc4)c4ccc(/C=C/c5ccc(N(c6ccccc6)c6ccccc6)cc5)cc4)cc3)c3nc(cc4ccc1[nH]4)C=C3)C=C2,800
Clc1cccc(Cl)c1-c1c2nc(cc3ccc([nH]3)c(-c3ccc(/C=C/c4ccc(N(c5ccccc5)c5ccccc5)cc4)cc3)c3nc(cc4ccc1[nH]4)C=C3)C=C2,90
Clc1cccc(Cl)c1-c1c2nc(cc3ccc([nH]3)c(/C=C/c3ccc(/C=C/c4ccc(N(c5ccccc5)c5ccccc5)cc4)cc3)c3nc(cc4ccc1[nH]4)C=C3)C=C2,520
Clc1cccc(Cl)c1-c1c2nc(cc3ccc([nH]3)c(C#Cc3ccc(/C=C/c4ccc(N(c5ccccc5)c5ccccc5)cc4)cc3)c3nc(cc4ccc1[nH]4)C=C3)C=C2,930
Clc1cccc(Cl)c1-c1c2nc(cc3ccc([nH]3)c(-c3ccccc3)c3nc(cc4ccc1[nH]4)C=C3)C=C2,10
C(=C/c1nc2ccccc2s1)\c1ccc(N(c2ccccc2)c2ccccc2)cc1,16
C(=C/c1nc2ccccc2s1)\c1ccc(N(c2ccccc2)c2ccc(/C=C/c3nc4ccccc4s3)cc2)cc1,180
C(=C/c1nc2ccccc2s1)\c1ccc(N(c2ccc(/C=C/c3nc4ccccc4s3)cc2)c2ccc(/C=C/c3nc4ccccc4s3)cc2)cc1,340
COc1cc(N(c2ccc(/C=C/c3nc4ccccc4s3)cc2)c2ccc(/C=C/c3nc4ccccc4s3)cc2)ccc1/C=C/c1nc2ccccc2s1,341
CCC(=O)CCCOc1cc(N(c2ccc(/C=C/c3nc4ccccc4s3)cc2)c2ccc(/C=C/c3nc4ccccc4s3)cc2)ccc1/C=C/c1nc2ccccc2s1,420
N#CC(C#N)=Cc1ccc(N(c2ccccc2)c2ccc(C=C(C#N)C#N)cc2)cc1,195
COC(=O)c1ccc(N(c2ccc(C=C(C#N)C#N)cc2)c2ccc(C=C(C#N)C#N)cc2)cc1,136
N#CC(C#N)=Cc1ccc(N(c2ccc(C=C(C#N)C#N)cc2)c2ccc(C=C(C#N)C#N)cc2)cc1,210
COc1cc(N(c2ccc(C=C(C#N)C#N)cc2)c2ccc(C=C(C#N)C#N)cc2)ccc1C=C(C#N)C#N,145
C(=C/c1ccc(N(c2ccccc2)c2ccc(/C=C/c3ccncc3)cc2)cc1)\c1ccncc1,100
COC(=O)c1ccc(N(c2ccc(/C=C/c3ccncc3)cc2)c2ccc(/C=C/c3ccncc3)cc2)cc1,34
C(=C/c1ccc(N(c2ccc(/C=C/c3ccncc3)cc2)c2ccc(/C=C/c3ccncc3)cc2)cc1)\c1ccncc1,105
Oc1cc(N(c2ccc(/C=C/c3ccncc3)cc2)c2ccc(/C=C/c3ccncc3)cc2)ccc1/C=C/c1ccncc1,73
COC(=O)c1cc(N(c2ccc(/C=C/c3ccncc3)cc2)c2ccc(/C=C/c3ccncc3)cc2)ccc1/C=C/c1ccncc1,98
CCCCCCCCCCN(CCCCCCCCCC)c1ccc(C#Cc2c3ccccc3c(C#Cc3ccc(C#N)cc3)c3ccccc23)cc1,210
CCCCCCCCCCN(CCCCCCCCCC)c1ccc(C#Cc2c3ccccc3c(C#Cc3ccc(C#Cc4ccc(C#N)cc4)cc3)c3ccccc23)cc1,370
CCCCCCCCCCN(CCCCCCCCCC)c1ccc(C#Cc2c3ccccc3c(C#Cc3ccc(N(CCCCCCCCCC)CCCCCCCCCC)cc3)c3ccccc23)cc1,540
CCCCCCCCCCN(CCCCCCCCCC)c1ccc(C#Cc2c3ccccc3c(C#CC#Cc3c4ccccc4c(C#Cc4ccc(N(CCCCCCCCCC)CCCCCCCCCC)cc4)c4ccccc34)c3ccccc23)cc1,1000
CCCCCCCCCCN(CCCCCCCCCC)c1ccc(C#Cc2c3ccccc3c(C#Cc3ccc(C#Cc4c5ccccc5c(C#Cc5ccc(N(CCCCCCCCCC)CCCCCCCCCC)cc5)c5ccccc45)cc3)c3ccccc23)cc1,720
CCCCCCCCCCN(CCCCCCCCCC)c1ccc(C#Cc2c3ccccc3c(C#Cc3ccc(C#Cc4ccc(C#Cc5c6ccccc6c(C#Cc6ccc(N(CCCCCCCCCC)CCCCCCCCCC)cc6)c6ccccc56)cc4)cc3)c3ccccc23)cc1,760
CCCCCCCCCCN(CCCCCCCCCC)c1ccc(C#Cc2c3ccccc3c(C#Cc3ccc(C#Cc4ccc(C#Cc5ccc(C#Cc6c7ccccc7c(C#Cc7ccc(N(CCCCCCCCCC)CCCCCCCCCC)cc7)c7ccccc67)cc5)cc4)cc3)c3ccccc23)cc1,820
CCCCCCCCCCN(CCCCCCCCCC)c1ccc(C#Cc2c3ccccc3c(C#Cc3ccc(C#Cc4c(C#N)c(C#Cc5ccc(C#Cc6c7ccccc7c(C#Cc7ccc(N(CCCCCCCCCC)CCCCCCCCCC)cc7)c7ccccc67)cc5)c(C#N)c(C#Cc5ccc(C#Cc6c7ccccc7c(C#Cc7ccc(N(CCCCCCCCCC)CCCCCCCCCC)cc7)c7ccccc67)cc5)c4C#N)cc3)c3ccccc23)cc1,840
CCN(CC)c1ccc2nc3c4cc(OC)ccc4c(=O)cc-3oc2c1,750
CCN(CC)c1ccc2nc3c4cc(OCc5ccc(N(c6ccc(/C=C/c7ccc(-c8nnc(-c9ccc(C(C)(C)C)cc9)o8)cc7)cc6)c6ccc(/C=C/c7ccc(-c8nnc(-c9ccc(C(C)(C)C)cc9)o8)cc7)cc6)cc5)ccc4c(=O)cc-3oc2c1,6700
CCN(CC)c1ccc2nc3c4cc(OCCOc5ccc(N(C(=O)OCc6ccc(N(c7ccc(/C=C/c8ccc(-c9nnc(-c%10ccc(C(C)(C)C)cc%10)o9)cc8)cc7)c7ccc(/C=C/c8ccc(-c9nnc(-c%10ccc(C(C)(C)C)cc%10)o9)cc8)cc7)cc6)C(=O)OCc6ccc(N(c7ccc(/C=C/c8ccc(-c9nnc(-c%10ccc(C(C)(C)C)cc%10)o9)cc8)cc7)c7ccc(/C=C/c8ccc(-c9nnc(-c%10ccc(C(C)(C)C)cc%10)o9)cc8)cc7)cc6)cc5)ccc4c(=O)cc-3oc2c1,11900
CCN(CC)c1ccc2nc3c4cc(OCc5cc(COc6cc(C(=O)OCc7ccc(N(c8ccc(/C=C/c9ccc(-c%10nnc(-c%11ccc(C(C)(C)C)cc%11)o%10)cc9)cc8)c8ccc(/C=C/c9ccc(-c%10nnc(-c%11ccc(C(C)(C)C)cc%11)o%10)cc9)cc8)cc7)cc(C(=O)OCc7ccc(N(c8ccc(/C=C/c9ccc(-c%10nnc(-c%11ccc(C(C)(C)C)cc%11)o%10)cc9)cc8)c8ccc(/C=C/c9ccc(-c%10nnc(-c%11ccc(C(C)(C)C)cc%11)o%10)cc9)cc8)cc7)c6)cc(COc6cc(C(=O)OCc7ccc(N(c8ccc(/C=C/c9ccc(-c%10nnc(-c%11ccc(C(C)(C)C)cc%11)o%10)cc9)cc8)c8ccc(/C=C/c9ccc(-c%10nnc(-c%11ccc(C(C)(C)C)cc%11)o%10)cc9)cc8)cc7)cc(C(=O)OCc7ccc(N(c8ccc(/C=C/c9ccc(-c%10nnc(-c%11ccc(C(C)(C)C)cc%11)o%10)cc9)cc8)c8ccc(/C=C/c9ccc(-c%10nnc(-c%11ccc(C(C)(C)C)cc%11)o%10)cc9)cc8)cc7)c6)c5)ccc4c(=O)cc-3oc2c1,24100
CCN(CC)c1ccc2nc3c4cc(OCc5cc(C(=O)Oc6ccc(N(c7ccccc7)c7ccc8c(c7)C(CC)(CC)c7cc(-c9nc%10ccccc%10s9)ccc7-8)cc6)cc(C(=O)Oc6ccc(N(c7ccccc7)c7ccc8c(c7)C(CC)(CC)c7cc(-c9nc%10ccccc%10s9)ccc7-8)cc6)c5)ccc4c(=O)cc-3oc2c1,3200
CCCCCCN(CCCCCC)c1ccc(/C=C/c2ccc(/C=C/c3ccc(N(CCCCCC)CCCCCC)cc3)cc2)cc1,830
CCCCCCN(CCCCCC)c1ccc(/C=C/c2ccc(/C=C/c3ccc(/C=C/c4ccc(/C=C/c5ccc(N(CCCCCC)CCCCCC)cc5)cc4)cc3)cc2)cc1,1500
CCCCCCN(CCCCCC)c1ccc(/C=C/c2cc3c(/C=C/c4ccc(N(CCCCCC)CCCCCC)cc4)cc2CCc2cc(/C=C/c4ccc(N(CCCCCC)CCCCCC)cc4)c(cc2/C=C/c2ccc(N(CCCCCC)CCCCCC)cc2)CC3)cc1,1500
CCCCCCN(CCCCCC)c1ccc(/C=C/c2ccc(/C=C/c3cc4c(/C=C/c5ccc(/C=C/c6ccc(N(CCCCCC)CCCCCC)cc6)cc5)cc3CCc3cc(/C=C/c5ccc(/C=C/c6ccc(N(CCCCCC)CCCCCC)cc6)cc5)c(cc3/C=C/c3ccc(/C=C/c5ccc(N(CCCCCC)CCCCCC)cc5)cc3)CC4)cc2)cc1,3400
CCCCN(CCCC)c1ccc(/C=C/c2cc(C#N)c(/C=C/c3ccc(N(CCCC)CCCC)cc3)cc2C#N)cc1,1750
CCCCN(CCCC)c1ccc(/C=C(\C#N)c2ccc(/C(C#N)=C/c3ccc(N(CCCC)CCCC)cc3)cc2)cc1,890
N#C/C(=C\c1ccc(N(c2ccccc2)c2ccccc2)cc1)c1ccc(/C(C#N)=C/c2ccc(N(c3ccccc3)c3ccccc3)cc2)cc1,730
CCCCN(CCCC)c1ccc(/C=C/c2ccc(/C=C/c3ccc(N(CCCC)CCCC)cc3)cc2)cc1,995
Cc1cccc(N(c2ccccc2)c2ccc(/C=C/c3ccc(/C=C/c4ccc(N(c5ccccc5)c5cccc(C)c5)cc4)cc3)cc2)c1,805
N#Cc1cc(/C=C/c2ccc(N(c3ccccc3)c3ccccc3)cc2)c(C#N)cc1/C=C/c1ccc(N(c2ccccc2)c2ccccc2)cc1,1890
CCCCN(CCCC)c1ccc(/C=C/C=C/c2ccc(N(CCCC)CCCC)cc2)cc1,230
CCCCN(CCCC)c1ccc(/C=C/C=C/C=C/c2ccc(N(CCCC)CCCC)cc2)cc1,340
CCCCN(CCCC)c1ccc(/C=C/C=C/C=C/C=C/c2ccc(N(CCCC)CCCC)cc2)cc1,410
CCCCN(CCCC)c1ccc(/C=C/c2ccc(N(CCCC)CCCC)cc2)cc1,110
CCCCCCN(CCCCCC)c1ccc(/C=C/c2ccc(C#Cc3ccc(-c4ccc(C#Cc5ccc(/C=C/c6ccc(N(CCCCCC)CCCCCC)cc6)cc5)cc4)cc3)cc2)cc1,1140
CCCCCCN(CCCCCC)c1ccc(/C=C/c2ccc(C#Cc3ccc4c(c3)Cc3cc(C#Cc5ccc(/C=C/c6ccc(N(CCCCCC)CCCCCC)cc6)cc5)ccc3-4)cc2)cc1,1970
CCN(CC)c1ccc2c(COC(=O)c3ccc(OC)cc3)cc(=O)oc2c1,1
CCN(CC)c1ccc(/C=C/c2ccc3c(COC(=O)c4ccc(OC)cc4)cc(=O)oc3c2)cc1,1
N#C/C(=C\c1ccc(N(c2ccc(N(c3ccccc3)c3ccccc3)cc2)c2ccc(N(c3ccccc3)c3ccccc3)cc2)cc1)c1ccc(/C(C#N)=C/c2ccc(N(c3ccc(N(c4ccccc4)c4ccccc4)cc3)c3ccc(N(c4ccccc4)c4ccccc4)cc3)cc2)cc1,1016
N#C/C(=C\c1ccc(N(c2ccc(N3c4ccccc4Sc4ccccc43)cc2)c2ccc(N3c4ccccc4Sc4ccccc43)cc2)cc1)c1ccc(/C(C#N)=C/c2ccc(N(c3ccc(N4c5ccccc5Sc5ccccc54)cc3)c3ccc(N4c5ccccc5Sc5ccccc54)cc3)cc2)cc1,1484
N#C/C(=C\c1ccc(N(c2ccc(-n3c4ccccc4c4ccccc43)cc2)c2ccc(-n3c4ccccc4c4ccccc43)cc2)cc1)c1ccc(/C(C#N)=C/c2ccc(N(c3ccc(-n4c5ccccc5c5ccccc54)cc3)c3ccc(-n4c5ccccc5c5ccccc54)cc3)cc2)cc1,814
CCCCCCN(CCCCCC)c1ccc(C#Cc2ccc(-c3ccc(C#Cc4ccc(N(CCCCCC)CCCCCC)cc4)cc3)cc2)cc1,900
CCCCCCN(CCCCCC)c1ccc(C#Cc2ccc(C#Cc3ccc(-c4ccc(C#Cc5ccc(C#Cc6ccc(N(CCCCCC)CCCCCC)cc6)cc5)cc4)cc3)cc2)cc1,820
CCCCCCN(CCCCCC)c1ccc(/C=C/c2ccc(-c3ccc(/C=C/c4ccc(N(CCCCCC)CCCCCC)cc4)cc3)cc2)cc1,1050
CCCCCCCCN(CCCCCCCC)c1ccc(/C=C/c2ccc(C#Cc3ccc(-c4ccc(C#Cc5ccc(/C=C/c6ccc(N(CCCCCCCC)CCCCCCCC)cc6)cc5)cc4)cc3)cc2)cc1,1130
CCCCCCN(CCCCCC)c1ccc(C#Cc2ccc(/C=C/c3ccc(-c4ccc(/C=C/c5ccc(C#Cc6ccc(N(CCCCCC)CCCCCC)cc6)cc5)cc4)cc3)cc2)cc1,1230
CCCCCCCCN(CCCCCCCC)c1ccc(/C=C/c2ccc(/C=C/c3ccc(-c4ccc(/C=C/c5ccc(/C=C/c6ccc(N(CCCCCCCC)CCCCCCCC)cc6)o5)cc4)cc3)o2)cc1,830
CCCCCCN(CCCCCC)c1ccc(/C=C/c2ccc(/C=C/c3ccc(-c4ccc(/C=C/c5ccc(/C=C/c6ccc(N(CCCCCC)CCCCCC)cc6)s5)cc4)cc3)s2)cc1,3000
CCCCCCCCCC1(CCCCCCCCC)c2cc(C#Cc3ccc(N(CCCCCC)CCCCCC)cc3)ccc2-c2ccc(C#Cc3ccc(N(CCCCCC)CCCCCC)cc3)cc21,1200
CCCCCCCCCC1(CCCCCCCCC)c2cc(/C=C/c3ccc(N(C)C)cc3)ccc2-c2ccc(/C=C/c3ccc(N(C)C)cc3)cc21,120
CCCCCCCCCC1(CCCCCCCCC)c2cc(/C=C/c3ccc(N)cc3)ccc2-c2ccc(/C=C/c3ccc(N)cc3)cc21,410
CCCCCCCCCC1(CCCCCCCCC)c2cc(/C=C/c3ccc(N(CCCC)CCCC)cc3)ccc2-c2ccc(/C=C/c3ccc(N(CCCC)CCCC)cc3)cc21,1250
CCCCCCCCCC1(CCCCCCCCC)c2cc(/C=C/c3ccc(N4CCCCC4)s3)ccc2-c2ccc(/C=C/c3ccc(N4CCCCC4)s3)cc21,100
CCCCCCCCCC1(CCCCCCCCC)c2cc(/C=C/c3ccc(/C=C/c4ccc(N5CCCCC5)s4)s3)ccc2-c2ccc(/C=C/c3ccc(/C=C/c4ccc(N5CCCCC5)s4)s3)cc21,850
CCCCCCCCCC1(CCCCCCCCC)c2cc(C#Cc3ccc(C#Cc4ccc(N(CCCCCC)CCCCCC)cc4)cc3)ccc2-c2ccc(C#Cc3ccc(C#Cc4ccc(N(CCCCCC)CCCCCC)cc4)cc3)cc21,1050
CCCCCCCCCC1(CCCCCCCCC)c2cc(/C=C/c3ccc(/C=C/c4ccc(N(CCCCCC)CCCCCC)cc4)cc3)ccc2-c2ccc(/C=C/c3ccc(/C=C/c4ccc(N(CCCCCC)CCCCCC)cc4)cc3)cc21,2160
CCCCCCCCCC1(CCCCCCCCC)c2cc(/C=C/c3ccc(/C=C/c4ccc(N(CCCCCC)CCCCCC)cc4)s3)ccc2-c2ccc(/C=C/c3ccc(/C=C/c4ccc(N(CCCCCC)CCCCCC)cc4)s3)cc21,5500
CCCCCCCCCC1(CCCCCCCCC)c2cc(C#Cc3ccc(/C=C/c4ccc(N(CCCCCCCC)CCCCCCCC)cc4)cc3)ccc2-c2ccc(C#Cc3ccc(/C=C/c4ccc(N(CCCCCCCC)CCCCCCCC)cc4)cc3)cc21,2000
CCCCCCCCCC1(CCCCCCCCC)c2cc(/C=C/C=C/c3ccc(N(CCCC)CCCC)cc3)ccc2-c2ccc(/C=C/C=C/c3ccc4c(c3)C(CCCCCCCCC)(CCCCCCCCC)c3cc(/C=C/C=C/c5ccc6c(c5)C(CCCCCCCCC)(CCCCCCCCC)c5cc(/C=C/C=C/c7ccc(N(CCCC)CCCC)cc7)ccc5-6)ccc3-4)cc21,3450
CCCCCCCCCC1(CCCCCCCCC)c2cc(C#Cc3ccc(/C=C/c4ccc(S(=O)OCCCCCCCC)cc4)cc3)ccc2-c2ccc(C#Cc3ccc(/C=C/c4ccc(S(=O)OCCCCCCCC)cc4)cc3)cc21,610
CCCCCCCCCC1(CCCCCCCCC)c2cc(C#Cc3ccc(S(=O)OCCCCCCCC)cc3)ccc2-c2ccc(C#Cc3ccc(S(=O)OCCCCCCCC)cc3)cc21,53
CCCCCCCCCC1(CCCCCCCCC)c2cc(C#Cc3ccc(S(=O)OC(F)(F)F)cc3)ccc2-c2ccc(C#Cc3ccc(S(=O)OC(F)(F)F)cc3)cc21,83
CCCCCCCCCC1(CCCCCCCCC)c2cc(/C=C/c3ccc(/C=C/c4ccc(S(=O)OC)cc4)cc3)ccc2-c2ccc(/C=C/c3ccc(/C=C/c4ccc(S(=O)OC)cc4)cc3)cc21,1050
Cc1nc(C)nc(/C=C/c2ccc(N(C)C)cc2)n1,340
CN(C)c1ccc(C=Cc2nc(/C=C/c3ccc(N(C)C)cc3)nc(/C=C/c3ccc(N(C)C)cc3)n2)cc1,2400
Cc1nc(C=Cc2ccc(N(C)C)cc2)nc(/C=C/c2ccc(N(C)C)cc2)n1,1100
Cc1nc(/C=C/c2ccc(N3CCCCC3)cc2)nc(/C=C/c2ccc(N3CCCCC3)cc2)n1,1345
C(=C/c1nc(/C=C/c2ccc(N3CCCCC3)cc2)nc(/C=C/c2ccc(N3CCCCC3)cc2)n1)\c1ccc(N2CCCCC2)cc1,2523
Cc1nc(C)nc(/C=C/c2ccc(N3CCCCC3)cc2)n1,363
COc1ccc(-c2cnc(-c3ccnc(CN(Cc4cccc(F)n4)Cc4cccc(F)n4)c3)o2)cc1,31
N#Cc1cc(/C=C/c2ccc(N3CCOCCOCCOCCOCC3)cc2)c(C#N)cc1/C=C/c1ccc(N2CCOCCOCCOCCOCC2)cc1,2200
CN(C)c1ccc(/C=C/c2cc(C#N)c(/C=C/c3ccc(N4CCOCCOCCOCCOCC4)cc3)cc2C#N)cc1,1800
CCCC[NH+](CCC)CCCC.CCN(CC)c1ccc2c3c(c(=O)oc2c1)C(/C=C/C=C1\O[B-](F)(F)Oc2c1c(=O)oc1cc(N(CC)CC)ccc21)=[O+][B-](F)(F)O3,2900
CCCC[NH+](CCC)CCCC.CCN(CC)c1ccc2c3c(c(=O)oc2c1)C(/C=C/C=C/C=C1\O[B-](F)(F)Oc2c1c(=O)oc1cc(N(CC)CC)ccc21)=[O+][B-](F)(F)O3,8800
CCCC[NH+](CCC)CCCC.CCN(CC)c1ccc2c3c(c(=O)oc2c1)C(/C=C/C=C/C=C/C=C1\O[B-](F)(F)Oc2c1c(=O)oc1cc(N(CC)CC)ccc21)=[O+][B-](F)(F)O3,15000
CCCC[NH+](CCC)CCCC.CCN(CC)c1ccc2c3c(c(=O)oc2c1)C(/C=C/C=C1/C=C(/C=C/C=C2\O[B-](F)(F)Oc4c2c(=O)oc2cc(N(CC)CC)ccc42)CC(C)(C)C1)=[O+][B-](F)(F)O3,17000
CCOc1ccc(N(c2ccc(/C=C/c3ccc(N)cc3)cc2)c2ccc(OCC)cc2)cc1,527
CCOc1ccc(N(c2ccc(/C=C(\C#N)c3ccc(N)cc3)cc2)c2ccc(OCC)cc2)cc1,400
Clc1nc(Cl)nc(Nc2ccc(/C=C/c3ccc(N(c4ccccc4)c4ccccc4)cc3)cc2)n1,30
CCOc1ccc(N(c2ccc(/C=C/c3ccc(Nc4nc(Cl)nc(Cl)n4)cc3)cc2)c2ccc(OCC)cc2)cc1,80
Clc1nc(Nc2ccc(/C=C/c3ccc(N(c4ccccc4)c4ccccc4)cc3)cc2)nc(Nc2ccc(/C=C/c3ccc(N(c4ccccc4)c4ccccc4)cc3)cc2)n1,200
CCOc1ccc(N(c2ccc(/C=C/c3ccc(Nc4nc(Cl)nc(Nc5ccc(/C=C/c6ccc(N(c7ccc(OCC)cc7)c7ccc(OCC)cc7)cc6)cc5)n4)cc3)cc2)c2ccc(OCC)cc2)cc1,310
C(=C/c1ccc(N(c2ccccc2)c2ccccc2)cc1)\c1ccc(Nc2nc(Nc3ccc(/C=C/c4ccc(N(c5ccccc5)c5ccccc5)cc4)cc3)nc(Nc3ccc(/C=C/c4ccc(N(c5ccccc5)c5ccccc5)cc4)cc3)n2)cc1,230
COC(=O)c1cc2ccc3cc(OC)ccc3c2oc1=O,130
COC(=O)c1cc2ccc3cc(O)ccc3c2oc1=O,270
COC(=O)c1cc2ccc3cc(N(C)C)ccc3c2oc1=O,350
CN(C)c1ccc2c(ccc3cc(C#N)c(=O)oc32)c1,480
CN(C)/C=C/c1c(C#N)c(/C=C/N(C)C)c(C#N)c(/C=C/N(C)C)c1C#N,195
N#Cc1c(/C=C/N2CCCCC2)c(C#N)c(/C=C/N2CCCCC2)c(C#N)c1/C=C/N1CCCCC1,300
CCN(CC)c1ccc(/C=C/c2c(C#N)c(/C=C/c3ccc(N(CC)CC)cc3)c(C#N)c(/C=C/c3ccc(N(CC)CC)cc3)c2C#N)cc1,140
N#Cc1c(/C=C/c2ccc(N3CCCCC3)cc2)c(C#N)c(/C=C/c2ccc(N3CCCCC3)cc2)c(C#N)c1/C=C/c1ccc(N2CCCCC2)cc1,1460
N#Cc1c(/C=C/c2ccc(N(c3ccccc3)c3ccccc3)cc2)c(C#N)c(/C=C/c2ccc(N(c3ccccc3)c3ccccc3)cc2)c(C#N)c1/C=C/c1ccc(N(c2ccccc2)c2ccccc2)cc1,2500
N#Cc1c(/C=C/c2ccc(/C=C/c3ccc(N(c4ccccc4)c4ccccc4)cc3)cc2)c(C#N)c(/C=C/c2ccc(/C=C/c3ccc(N(c4ccccc4)c4ccccc4)cc3)cc2)c(C#N)c1/C=C/c1ccc(/C=C/c2ccc(N(c3ccccc3)c3ccccc3)cc2)cc1,2600
CCCCc1ccc(-c2nnc(-c3ccc(/C=C/c4ccc(N(c5ccc(/C=C/c6ccc(-c7nnc(-c8ccc(CCCC)cc8)o7)cc6)cc5)c5ccc(/C=C/c6cccc(-c7nnc(-c8ccc(CCCC)cc8)o7)c6)cc5)cc4)cc3)o2)cc1,450
N#Cc1ccc(/C=C/c2ccc(N(c3ccc(/C=C/c4ccc(C#N)cc4)cc3)c3ccc(/C=C/c4ccc(C#N)cc4)cc3)cc2)cc1,230
N#CC(C#N)=Cc1ccc(/C=C/c2ccc(N(c3ccc(/C=C/c4ccc(C=C(C#N)C#N)cc4)cc3)c3ccc(/C=C/c4ccc(C=C(C#N)C#N)cc4)cc3)cc2)cc1,1200
CCCCc1ccc(-c2nnc(-c3ccc(/C=C/c4ccc(/C=C/c5ccc(N(c6ccc(/C=C/c7ccc(/C=C/c8ccc(-c9nnc(-c%10ccc(CCCC)cc%10)o9)cc8)cc7)cc6)c6ccc(/C=C/c7ccc(/C=C/c8cccc(-c9nnc(-c%10ccc(CCCC)cc%10)o9)c8)cc7)cc6)cc5)cc4)cc3)o2)cc1,970
N#Cc1ccc(/C=C/c2ccc(/C=C/c3ccc(N(c4ccc(/C=C/c5ccc(/C=C/c6ccc(C#N)cc6)cc5)cc4)c4ccc(/C=C/c5ccc(/C=C/c6cccc(C#N)c6)cc5)cc4)cc3)cc2)cc1,870
N#C/C(=C\c1ccc(/C=C/c2ccc(N(c3ccc(/C=C/c4ccc(/C=C(\C#N)c5ccc(C#N)cc5)cc4)cc3)c3ccc(/C=C/c4ccc(/C=C(\C#N)c5cccc(C#N)c5)cc4)cc3)cc2)cc1)c1ccc(C#N)cc1,740
N#C/C(=C\c1ccc(/C=C/c2ccc(N(c3ccc(/C=C/c4ccc(/C=C(\C#N)c5ccc(-c6ccccc6)cc5)cc4)cc3)c3ccc(/C=C/c4ccc(/C=C(\C#N)c5cccc(-c6ccccc6)c5)cc4)cc3)cc2)cc1)c1ccc(-c2ccccc2)cc1,1400
C(=C/c1ccc(/C=C/c2ccc(N(c3ccc(/C=C/c4ccc(/C=C/c5ccncc5)cc4)cc3)c3ccc(/C=C/c4ccc(/C=C/c5ccncc5)cc4)cc3)cc2)cc1)\c1ccncc1,1700
C(#Cc1ccc(N(c2ccc(C#Cc3ccncc3)cc2)c2ccc(C#Cc3ccncc3)cc2)cc1)c1ccncc1,380
C(#Cc1ccc(C#Cc2ccc(N(c3ccc(C#Cc4ccc(C#Cc5ccncc5)cc4)cc3)c3ccc(C#Cc4ccc(C#Cc5ccncc5)cc4)cc3)cc2)cc1)c1ccncc1,1300
CCCCN(CCCC)c1ccc(/C=C/c2cc(OC)c(/C=C/c3ccc(N(CCCC)CCCC)cc3)cc2OC)cc1,900
CCCCCCCCCCCCOc1cc(/C=C/c2cc(OC)c(C=C(C#N)C#N)cc2OC)c(OCCCCCCCCCCCC)cc1/C=C/c1cc(OC)c(C=C(C#N)C#N)cc1OC,480
CCCCCCCCCCCCOc1cc(/C=C/c2cc(OC)c(C=C3C(=O)N(CC)C(=S)N(CC)C3=O)cc2OC)c(OCCCCCCCCCCCC)cc1/C=C/c1cc(OC)c(C=C2C(=O)N(CC)C(=S)N(CC)C2=O)cc1OC,1750
CCCCCCCCCCCCOc1cc(/C=C/c2cc(OC)c(/C=C3/C(=C(C#N)C#N)c4ccccc4S3(=O)=O)cc2OC)c(OCCCCCCCCCCCC)cc1/C=C/c1cc(OC)c(/C=C2/C(=C(C#N)C#N)c3ccccc3S2(=O)=O)cc1OC,4400
CCCCN(CCCC)c1ccc(/C=C/C=C/c2cc(OC)c(/C=C/C=C/c3ccc(N(CCCC)CCCC)cc3)cc2OC)cc1,1250
Brc1cc(/C=C/c2ccc(N(c3ccccc3)c3ccccc3)cc2)c(Br)cc1/C=C/c1ccc(N(c2ccccc2)c2ccccc2)cc1,450
CCCCCCC1(CCCCCC)c2ccccc2-c2ccc(-c3ccc4c(c3)C(CCCCCC)(CCCCCC)c3cc(-c5ccc6c(c5)C(CCCCCC)(CCCCCC)c5cc(-c7ccc8c(c7)C(CCCCCC)(CCCCCC)c7ccccc7-8)ccc5-6)ccc3-4)cc21,600
Nc1c([N+](=O)[O-])c(N)c([N+](=O)[O-])c(N)c1[N+](=O)[O-],74
CN(C)c1ccc(C#Cc2c(C#N)c(C#Cc3ccc(N(C)C)cc3)c(C#N)c(C#Cc3ccc(N(C)C)cc3)c2C#N)cc1,583
CCCCCCN(CCCCCC)c1ccc(/C=C/c2c(C#N)c(/C=C/c3ccc(N(CCCCCC)CCCCCC)cc3)c(C#N)c(/C=C/c3ccc(N(CCCCCC)CCCCCC)cc3)c2C#N)cc1,3215
CCCCCCN(CCCCCC)c1ccc(/C=C/c2c(C#N)c(/C=C/c3ccc(N(C)CCO)cc3)c(C#N)c(/C=C/c3ccc(N(C)CCO)cc3)c2C#N)cc1,3010
CCCCCCN(CCCCCC)c1ccc(/C=C/c2c(C#N)c(/C=C/c3ccc(N(c4ccccc4)c4ccccc4)cc3)c(C#N)c(/C=C/c3ccc(N(c4ccccc4)c4ccccc4)cc3)c2C#N)cc1,5395
CCCCN(CCCC)c1ccc(/C=C/c2ccc3c(c2)CCc2cc(/C=C/c4ccc(N(CCCC)CCCC)cc4)ccc2-3)cc1,1140
CS(=O)(=O)c1ccc(/C=C/c2ccc3c(c2)CCc2cc(/C=C/c4ccc(S(C)(=O)=O)cc4)ccc2-3)cc1,150
O=Cc1ccc(/C=C/c2ccc3c(c2)CCc2cc(/C=C/c4ccc(C=O)cc4)ccc2-3)cc1,340
FC(F)(F)c1ccc(/C=C/c2cc3sc4cc(/C=C/c5ccc(C(F)(F)F)cc5)sc4c3s2)cc1,100
CCCCN(CCCC)c1ccc(/C=C/c2cc3sc4cc(/C=C/c5ccc(N(CCCC)CCCC)cc5)sc4c3s2)cc1,430
Nc1ccc(/N=N/c2ccc([N+](=O)[O-])cc2)cc1,120
CN(C)c1ccc(/N=N/c2ccc(C#N)cc2)cc1,75
CN(C)c1ccc(/N=N/c2ccc([N+](=O)[O-])cc2)cc1,175
CN(C)c1ccc(/C=N/c2ccc([N+](=O)[O-])cc2)cc1,75
CN(C)c1ccc(/N=C/c2ccc([N+](=O)[O-])cc2)cc1,135
CN(C)c1ccc(/C=C/c2ccc([N+](=O)[O-])cc2)cc1,190
O=Cc1ccc(/C=C/c2nc3ccccc3s2)cc1,24
O=Cc1ccc(/C=C/c2nc3ccccc3o2)cc1,52
O=Cc1ccc(/C=C/c2nc3ccccc3[nH]2)cc1,180
CCCCCCN(CCCCCC)c1ccc(/C=C/c2ccc(-c3cc(-c4ccc(/C=C/c5ccc(N(CCCCCC)CCCCCC)cc5)cc4)cc(-c4ccc(/C=C/c5ccc(N(CCCCCC)CCCCCC)cc5)cc4)c3)cc2)cc1,407
CCCCCCN(CCCCCC)c1ccc(/C=C/c2ccc(-c3cc(-c4ccc(/C=C/c5ccc(-c6cc(-c7ccc(/C=C/c8ccc(-c9cc(-c%10ccc(/C=C/c%11ccc(N(CCCCCC)CCCCCC)cc%11)cc%10)cc(-c%10ccc(/C=C/c%11ccc(N(CCCCCC)CCCCCC)cc%11)cc%10)c9)cc8)cc7)cc(-c7ccc(/C=C/c8ccc(-c9cc(-c%10ccc(/C=C/c%11ccc(N(CCCCCC)CCCCCC)cc%11)cc%10)cc(-c%10ccc(/C=C/c%11ccc(N(CCCCCC)CCCCCC)cc%11)cc%10)c9)cc8)cc7)c6)cc5)cc4)cc(-c4ccc(/C=C/c5ccc(N(CCCCCC)CCCCCC)cc5)cc4)c3)cc2)cc1,798
COc1ccc(N(c2ccccc2)c2ccc(/C=C/c3cc(C#N)c(/C=C/c4ccc(N(c5ccccc5)c5ccc(OC)cc5)cc4)cc3C#N)cc2)cc1,1350
COc1ccc(N(c2ccc(/C=C/c3cc(C#N)c(/C=C/c4ccc(N(c5ccc(OC)cc5)c5ccc(OC)cc5)cc4)cc3C#N)cc2)c2ccc(OC)cc2)cc1,2250
N#Cc1cc(/C=C/c2ccc(N(c3ccccc3)c3ccc(/C=C/c4cc(C#N)c(/C=C/c5ccc(N(c6ccccc6)c6ccccc6)cc5)cc4C#N)cc3)cc2)c(C#N)cc1/C=C/c1ccc(N(c2ccccc2)c2ccccc2)cc1,3000
N#Cc1cc(/C=C/c2ccc(N(c3ccc(/C=C/c4cc(C#N)c(/C=C/c5ccc(N(c6ccccc6)c6ccccc6)cc5)cc4C#N)cc3)c3ccc(/C=C/c4cc(C#N)c(/C=C/c5ccc(N(c6ccccc6)c6ccccc6)cc5)cc4C#N)cc3)cc2)c(C#N)cc1/C=C/c1ccc(N(c2ccccc2)c2ccccc2)cc1,5000
CCN(CC)c1ccc(/C=C/c2cc(/C=C/c3ccc(N(CC)CC)cc3)c(/C=C/c3ccc(N(CC)CC)cc3)cc2/C=C/c2ccc(N(CC)CC)cc2)cc1,810
CCCCN(CCCC)c1ccc(/C=C/c2cc(/C=C/c3ccc(N(CCCC)CCCC)cc3)c(/C=C/c3ccc(N(CCCC)CCCC)cc3)cc2/C=C/c2ccc(N(CCCC)CCCC)cc2)cc1,1030
CCCCCOc1cc(/C=C/c2ccc(-c3nc4ccccc4s3)cc2)c(OCCCCC)cc1/C=C/c1ccc(-c2nc3ccccc3s2)cc1,521
CCCCCCOc1ccc(-c2nnc(-c3ccc(/C=C/c4cc(OCCCCC)c(C(C)=O)cc4OCCCCC)cc3)o2)cc1,13
CCCCCOc1cc(/C=C/c2ccc(-c3nc4ccccc4s3)cc2)c(OCCCCC)cc1C=O,26
CCCCCCOc1ccc(-c2nnc(-c3ccc(/C=C/c4cc(OCCCCC)c(/C=C/c5ccc(-c6nnc(-c7ccc(OCCCCCC)cc7)o6)cc5)cc4OCCCCC)cc3)o2)cc1,461
CC(C)(C)c1ccc(-c2nnc(-c3ccc(N(c4ccccc4)c4ccccc4)cc3)o2)cc1,98.36
CC(C)(C)c1ccc(-c2nnc(-c3ccc(N(c4ccccc4)c4cccc5ccccc45)cc3)o2)cc1,104.2
CC(C)(C)c1ccc(-c2nnc(-c3ccc(N(c4ccccc4)c4cc5cccc6c5c5c(cccc45)CC6)cc3)o2)cc1,135
CCn1c2cc(N(c3ccccc3)c3ccc(-c4nnc(-c5ccc(C(C)(C)C)cc5)o4)cc3)ccc2c2ccc(N(c3ccccc3)c3ccc(-c4nnc(-c5ccc(C(C)(C)C)cc5)o4)cc3)cc21,575.6
N#C/C(=C\c1ccc(/C=C(\C#N)c2ccc(N(c3ccccc3)c3ccccc3)cc2)cc1)c1ccc(N(c2ccccc2)c2ccccc2)cc1,254.3
N#C/C(=C\c1ccc(/C=C(\C#N)c2ccc(N(c3ccccc3)c3ccc4ccccc4c3)cc2)cc1)c1ccc(N(c2ccccc2)c2ccc3ccccc3c2)cc1,540.8
N#C/C(=C\c1ccc(/C=C(\C#N)c2ccc(N(c3ccccc3)c3cc4cccc5ccc6cccc3c6c54)cc2)cc1)c1ccc(N(c2ccccc2)c2cc3cccc4ccc5cccc2c5c43)cc1,1180
c1ccc(N(c2ccccc2)c2ccc(-c3ccc(-c4nnc(-c5ccc(-c6ccc(N(c7ccccc7)c7ccccc7)cc6)s5)o4)s3)cc2)cc1,1390
C(#Cc1ccc(-c2nnc(-c3ccc(C#Cc4ccc(N(c5ccccc5)c5ccccc5)cc4)s3)o2)s1)c1ccc(N(c2ccccc2)c2ccccc2)cc1,996.8
c1ccc(N(c2ccccc2)c2ccc(-c3ccc(-c4ccc(-c5ccc(-c6ccc(N(c7ccccc7)c7ccccc7)cc6)s5)nn4)s3)cc2)cc1,1442
CCCCCCOCc1ccc(-c2nnc(-c3ccc(N(c4ccccc4)c4ccccc4)cc3)o2)cc1,141
CCCCCCOCc1ccc(-c2nnc(-c3ccc(N(c4ccccc4)c4cccc5ccccc45)cc3)o2)cc1,143
CCC1(CC)c2cc(/C=C/c3ccc(-c4nc5ccccc5s4)cc3)ccc2-c2ccc(N(c3ccccc3)c3ccccc3)cc21,525
CCCCN(CCCC)c1ccc(C#Cc2cc(C#Cc3ccc(N(CCCC)CCCC)cc3)c(C#Cc3ccc(N(CCCC)CCCC)cc3)cc2C#Cc2ccc(N(CCCC)CCCC)cc2)cc1,540
CN(C)c1ccc(/C=C/c2cc(/C=C/c3ccc(N(C)C)cc3)nc(N)n2)cc1,445
CCN(CC)c1ccc(/C=C/c2cc(/C=C/c3ccc(N(CC)CC)cc3)nc(N)n2)cc1,590
Nc1nc(/C=C/c2ccc(N(c3ccccc3)c3ccccc3)cc2)cc(/C=C/c2ccc(N(c3ccccc3)c3ccccc3)cc2)n1,810
CCCCCCN(CCCCCC)c1ccc(C#Cc2ccc(C#N)cc2)cc1,680
N#Cc1ccc(C#Cc2ccc(N(CCO)CCO)cc2)cc1,670
CCCCCCN(CCCCCC)c1ccc(/C=C/c2cc(C)nc(OCCCC(=O)OCC)n2)cc1,60
CCOC(=O)CCCOc1nc(/C=C/c2ccc(N(C)C)cc2)cc(/C=C/c2ccc(N(C)C)cc2)n1,170
CCCCCCN(CCCCCC)c1ccc(/C=C/c2cc(/C=C/c3ccc(N(CCCCCC)CCCCCC)cc3)nc(OCCCC(=O)OCC)n2)cc1,365
CCOC(=O)CCCOc1nc(/C=C/c2ccc(N(c3ccccc3)c3ccccc3)cc2)cc(/C=C/c2ccc(N(c3ccccc3)c3ccccc3)cc2)n1,470
CCn1c2ccccc2c2cc(/C=C/c3nc(C)nc(/C=C/c4ccc5c(c4)c4ccccc4n5CC)n3)ccc21,397
CCn1c2ccccc2c2cc(/C=C/c3nc(/C=C/c4ccc5c(c4)c4ccccc4n5CC)nc(/C=C/c4ccc5c(c4)c4ccccc4n5CC)n3)ccc21,994
CCCCN(CCCC)c1ccc(/C=C/C=C/c2ccc(N(C)C)cc2)cc1,250
CCCCN(CCCC)c1ccc(/C=C/C=C/C=C/c2ccc(N(C)C)cc2)cc1,230
CCCCN(CCCC)c1ccc(/C=C/C=C/C=C/C=C/c2ccc(N(C)C)cc2)cc1,400
CCCCN(CCCC)c1ccc(/C=C/C=C/C=C/C=C/C=C/c2ccc(N(C)C)cc2)cc1,1300
CCCCCCCCCCCCCOc1cc(/C=C/c2cc(OC)c(/C=C/c3ccc(N(CCCC)CCCC)cc3)cc2OC)c(OCCCCCCCCCCCCC)cc1/C=C/c1cc(OC)c(/C=C/c2ccc(N(CCCC)CCCC)cc2)cc1OC,1450
CCCCCCCCCCCCCOc1cc(/C=C/c2cccc(N(c3ccccc3)c3cccc(C)c3)c2)c(OCCCCCCCCCCCCC)cc1/C=C/c1ccc(N(c2ccccc2)c2cccc(C)c2)cc1,900
Cc1cccc(N(c2ccccc2)c2ccc(/C=C/c3ccc(/C=C/c4cccc(N(c5ccccc5)c5cccc(C)c5)c4)cc3)cc2)c1,800
C(=C/c1cccc(N(c2ccccc2)c2ccccc2)c1)\c1ccc(N(c2ccccc2)c2ccccc2)cc1,195
COc1cc(/C=C/c2ccc([N+](=O)[O-])cc2)c(OCCCCCCCCCCCS)cc1/C=C/c1ccc([N+](=O)[O-])cc1,163
CCCCCCN(CCCCCC)c1ccc(C#Cc2ccc(N(c3ccc(C#Cc4ccc(N(CCCCCC)CCCCCC)cc4)cc3)c3ccc(C#Cc4ccc(N(CCCCCC)CCCCCC)cc4)cc3)cc2)cc1,30
CCCCCCCCCCS(=O)(=O)c1ccc(C#Cc2ccc(N(c3ccc(C#Cc4ccc(S(=O)(=O)CCCCCCCCCC)cc4)cc3)c3ccc(C#Cc4ccc(S(=O)(=O)CCCCCCCCCC)cc4)cc3)cc2)cc1,160
O=S(=O)(c1ccc(C#Cc2ccc(N(c3ccc(C#Cc4ccc(S(=O)(=O)C(F)(F)F)cc4)cc3)c3ccc(C#Cc4ccc(S(=O)(=O)C(F)(F)F)cc4)cc3)cc2)cc1)C(F)(F)F,495
CCCCCCCCCCS(=O)(=O)c1ccc(/C=C/c2ccc(C#Cc3ccc(N(c4ccc(C#Cc5ccc(/C=C/c6ccc(S(=O)(=O)CCCCCCCCCC)cc6)cc5)cc4)c4ccc(C#Cc5ccc(/C=C/c6ccc(S(=O)(=O)CCCCCCCCCC)cc6)cc5)cc4)cc3)cc2)cc1,1080
CCS(=O)(=O)c1ccc(/C=C/c2ccc(N(c3ccccc3)c3ccccc3)cc2)cc1,37
C(=C/c1ccc(N(c2ccccc2)c2ccccc2)cc1)\c1ccc(-c2nc3ccccc3s2)cc1,102
CC(C)(C)c1ccc(-c2nnc(-c3ccc(/C=C/c4ccc(N(c5ccccc5)c5ccccc5)cc4)cc3)s2)cc1,54
C(=C/c1ccc(-c2nc3ccccc3s2)cc1)\c1ccccc1,17
C(=C/c1ccc(N(c2ccccc2)c2ccccc2)cc1)\c1ccccc1,27
CC(C)(C)Sc1ccc(/C=C/c2ccc(-c3cnc4c(ccc5cc(-c6ccc(/C=C/c7ccc(SC(C)(C)C)cc7)cc6)cnc54)c3)cc2)cc1,165
CCCCCCN(CCCCCC)c1ccc(/C=C/c2ccc(-c3cnc4c(ccc5cc(-c6ccc(/C=C/c7ccc(N(CCCCCC)CCCCCC)cc7)cc6)cnc54)c3)cc2)cc1,401
CCCCCCOc1ccc(/C=C/c2ccc(-c3cnc4c(ccc5cc(-c6ccc(/C=C/c7ccc(OCCCCCC)c(OCCCCCC)c7)cc6)cnc54)c3)cc2)cc1OCCCCCC,160
CCC1(CC)c2cc(/C=C/c3ccc([N+](=O)[O-])cc3)ccc2-c2ccc(N(c3ccccc3)c3ccccc3)cc21,1300
CCC1(CC)c2cc(C=Cc3ccc([N+](=O)[O-])cc3)ccc2-c2c(/C=C/c3ccc([N+](=O)[O-])cc3)cc(/C=C/c3ccc([N+](=O)[O-])cc3)cc21,2200
CCC1(CC)c2cc(C=Cc3ccc(N(c4ccccc4)c4ccccc4)cc3)ccc2-c2c(/C=C/c3ccc(N(c4ccccc4)c4ccccc4)cc3)cc(/C=C/c3ccc(N(c4ccccc4)c4ccccc4)cc3)cc21,3600
CCCCN(CCCC)c1ccc(/C=C/c2cc(C#N)c(/C=C/c3ccc(/C=C/c4cc(C#N)c(/C=C/c5ccc(N(CCCC)CCCC)cc5)cc4C#N)cc3)cc2C#N)cc1,3200
CCCCCCCCCCCCOc1cc(/C=C/c2cc(C#N)c(/C=C/c3ccc(N(CCCC)CCCC)cc3)cc2C#N)c(OCCCCCCCCCCCC)cc1/C=C/c1cc(C#N)c(/C=C/c2ccc(N(CCCC)CCCC)cc2)cc1C#N,4100
CCCCN(CCCC)c1ccc(/C=C/c2cc(OC)c(/C=C/c3cc(C#N)c(/C=C/c4cc(OC)c(/C=C/c5ccc(N(CCCC)CCCC)cc5)cc4OC)cc3C#N)cc2OC)cc1,4900
COc1cc(/C=C/c2ccc(N(c3ccccc3)c3ccccc3)cc2)c(OC)cc1/C=C/c1ccc(N(c2ccccc2)c2ccccc2)cc1,990
O=Cc1ccc(N(c2ccccc2)c2ccccc2)cc1,59
O=Cc1ccc(/C=C/c2ccc(N(c3ccccc3)c3ccccc3)cc2)cc1,80
O=Cc1ccc(/C=C/c2ccc(/C=C/c3ccc(N(c4ccccc4)c4ccccc4)cc3)cc2)cc1,957
O=Cc1ccc(/C=C/c2ccc(/C=C/c3ccc(/C=C/c4ccc(N(c5ccccc5)c5ccccc5)cc4)cc3)cc2)cc1,2087
O=Cc1ccc(/C=C/c2ccc(/C=C/c3ccc(/C=C/c4ccc(/C=C/c5ccc(N(c6ccccc6)c6ccccc6)cc5)cc4)cc3)cc2)cc1,3407
Cc1cc(C)c(B(c2ccc(N(C)C)cc2)c2c(C)cc(C)cc2C)c(C)c1,200
Cc1cc(C)c(B(c2ccc(C#Cc3ccc(N(C)C)cc3)cc2)c2c(C)cc(C)cc2C)c(C)c1,380
CCCCn1c2ccc(C#Cc3ccc(B(c4c(C)cc(C)cc4C)c4c(C)cc(C)cc4C)cc3)cc2c2cc(C#Cc3ccc(B(c4c(C)cc(C)cc4C)c4c(C)cc(C)cc4C)cc3)ccc21,245
Cc1cc(C)c(B(c2ccc(C#Cc3ccc(N(c4ccc(C#Cc5ccc(B(c6c(C)cc(C)cc6C)c6c(C)cc(C)cc6C)cc5)cc4)c4ccc(C#Cc5ccc(B(c6c(C)cc(C)cc6C)c6c(C)cc(C)cc6C)cc5)cc4)cc3)cc2)c2c(C)cc(C)cc2C)c(C)c1,120
Cc1cc(C)c(B(/C=C/c2ccc(N(c3ccccc3)c3ccccc3)cc2)c2c(C)cc(C)cc2C)c(C)c1,205
CCCCn1c2ccc(/C=C/B(c3c(C)cc(C)cc3C)c3c(C)cc(C)cc3C)cc2c2cc(/C=C/B(c3c(C)cc(C)cc3C)c3c(C)cc(C)cc3C)ccc21,62
Cc1cc(C)c(B(/C=C/c2ccc(N(c3ccc(/C=C/B(c4c(C)cc(C)cc4C)c4c(C)cc(C)cc4C)cc3)c3ccc(/C=C/B(c4c(C)cc(C)cc4C)c4c(C)cc(C)cc4C)cc3)cc2)c2c(C)cc(C)cc2C)c(C)c1,320
COc1ccc(/C=C/c2cc(/C=C/c3ccc(OC)cc3)nc(SC)n2)cc1,20
CSc1nc(/C=C/c2c3ccccc3cc3ccccc23)cc(/C=C/c2c3ccccc3cc3ccccc23)n1,21
CCN(CC)c1ccc(/C=C/c2cc(/C=C/c3ccc(N(CC)CC)cc3)nc(SC)n2)cc1,901
CCN(CC)c1ccc(/C=C/c2cc(C)nc(SC)n2)cc1,104
CCN(CC)c1ccc(/C=C/c2cc(/C=C/c3ccc(N(CC)CC)cc3)nc(SCCSc3nc(/C=C/c4ccc(N(CC)CC)cc4)cc(/C=C/c4ccc(N(CC)CC)cc4)n3)n2)cc1,2450
c1ccc(N(c2ccccc2)c2ccc(-c3ccc(-c4nc(-c5ccc(-c6ccc(N(c7ccccc7)c7ccccc7)cc6)s5)nc(-c5ccc(-c6ccc(N(c7ccccc7)c7ccccc7)cc6)s5)n4)s3)cc2)cc1,1230
CCCCCC(CC)Cn1c2ccccc2c2ccc(-c3ccc(-c4nc(-c5ccc(-c6ccc7c8ccccc8n(CC(CC)CCCCC)c7c6)s5)nc(-c5ccc(-c6ccc7c8ccccc8n(CC(CC)CCCCC)c7c6)s5)n4)s3)cc21,700
C(#Cc1ccc(-c2nc(-c3ccc(C#Cc4ccc(N(c5ccccc5)c5ccccc5)cc4)s3)nc(-c3ccc(C#Cc4ccc(N(c5ccccc5)c5ccccc5)cc4)s3)n2)s1)c1ccc(N(c2ccccc2)c2ccccc2)cc1,1500
CCCCCCC1(CCCCC)c2ccccc2-c2ccc(C#Cc3ccc(-c4nc(-c5ccc(C#Cc6ccc7c(c6)C(CCCCC)(CCCCCC)c6ccccc6-7)s5)nc(-c5ccc(C#Cc6ccc7c(c6)C(CCCCC)(CCCCCC)c6ccccc6-7)s5)n4)s3)cc21,900
CCCCCCC1(CCCCCC)c2ccccc2-c2ccc(-c3ccc(-c4nc(-c5ccc(-c6ccc7c(c6)C(CCCCCC)(CCCCCC)c6ccccc6-7)s5)nc(-c5ccc(-c6ccc7c(c6)C(CCCCCC)(CCCCCC)c6ccccc6-7)s5)n4)s3)cc21,830
FC(F)(F)c1ccc(/C=C/c2cc3c(s2)c2sc(/C=C/c4ccc(N(c5ccccc5)c5ccccc5)cc4)cc2p3-c2ccccc2)cc1,335
COCCOCCOCn1c(/C=N/N(C)C)ccc1C1=C([O-])/C(=C2\C=CC(/C=N/N(C)C)=[N+]2COCCOCCOC)C1=O,22000
COCCOCCOCn1c(/C=C/c2ccnc3ccccc23)ccc1C1=C([O-])/C(=C2\C=CC(/C=C/c3ccnc4ccccc34)=[N+]2COCCOCCOC)C1=O,76000
C(#Cc1ccc2ncsc2c1)c1ccc(N(c2ccccc2)c2ccccc2)cc1,50
O=Cc1nc2ccc(C#Cc3ccc(N(c4ccccc4)c4ccccc4)cc3)cc2s1,800
N#CC(C#N)=Cc1nc2ccc(C#Cc3ccc(N(c4ccccc4)c4ccccc4)cc3)cc2s1,250
C(#Cc1nc2ccccc2s1)c1ccc(N(c2ccccc2)c2ccccc2)cc1,50
O=Cc1ccc2nc(C#Cc3ccc(N(c4ccccc4)c4ccccc4)cc3)sc2c1,460
N#CC(C#N)=Cc1ccc2nc(C#Cc3ccc(N(c4ccccc4)c4ccccc4)cc3)sc2c1,780
C(#Cc1ccc2ncsc2c1)c1ccc(N(c2ccc(C#Cc3ccc4ncsc4c3)cc2)c2ccc(C#Cc3ccc4ncsc4c3)cc2)cc1,570
O=Cc1nc2ccc(C#Cc3ccc(N(c4ccc(C#Cc5ccc6nc(C=O)sc6c5)cc4)c4ccc(C#Cc5ccc6nc(C=O)sc6c5)cc4)cc3)cc2s1,1600
N#CC(C#N)=Cc1nc2ccc(C#Cc3ccc(N(c4ccc(C#Cc5ccc6nc(C=C(C#N)C#N)sc6c5)cc4)c4ccc(C#Cc5ccc6nc(C=C(C#N)C#N)sc6c5)cc4)cc3)cc2s1,920
C(#Cc1nc2ccccc2s1)c1ccc(N(c2ccc(C#Cc3nc4ccccc4s3)cc2)c2ccc(C#Cc3nc4ccccc4s3)cc2)cc1,780
O=Cc1ccc2nc(C#Cc3ccc(N(c4ccc(C#Cc5nc6ccc(C=O)cc6s5)cc4)c4ccc(C#Cc5nc6ccc(C=O)cc6s5)cc4)cc3)sc2c1,540
N#CC(C#N)=Cc1ccc2nc(C#Cc3ccc(N(c4ccc(C#Cc5nc6ccc(C=C(C#N)C#N)cc6s5)cc4)c4ccc(C#Cc5nc6ccc(C=C(C#N)C#N)cc6s5)cc4)cc3)sc2c1,2300
CCC1(CC)c2cc(/C=C/c3ccc(/C=C/c4ccc(N(c5ccccc5)c5ccccc5)cc4)n3-c3ccc(-c4ccccc4)cc3)ccc2-c2ccc(/C=C/c3ccc(/C=C/c4ccc(N(c5ccccc5)c5ccccc5)cc4)n3-c3ccc(-c4ccccc4)cc3)cc21,1430
COc1cc(/C=C/c2ccc(/C=C/c3ccc(N(c4ccccc4)c4ccccc4)cc3)n2-c2ccc(-c3ccccc3)cc2)c(OC)cc1/C=C/c1ccc(/C=C/c2ccc(N(c3ccccc3)c3ccccc3)cc2)n1-c1ccc(-c2ccccc2)cc1,1475
COc1cc(/C=C/c2ccc(/C=C/c3ccc(N(c4ccccc4)c4ccccc4)cc3)n2-c2ccc(-c3ccc(N(c4ccccc4)c4ccccc4)cc3)cc2)c(OC)cc1/C=C/c1ccc(/C=C/c2ccc(N(c3ccccc3)c3ccccc3)cc2)n1-c1ccc(-c2ccc(N(c3ccccc3)c3ccccc3)cc2)cc1,1735
CCC1(CC)c2cc(/C=C/c3ccc(/C=C/c4ccc(N(c5ccccc5)c5ccccc5)cc4)n3-c3ccc(-c4ccc(N(c5ccccc5)c5ccccc5)cc4)cc3)ccc2-c2ccc(/C=C/c3ccc(/C=C/c4ccc(N(c5ccccc5)c5ccccc5)cc4)n3-c3ccc(-c4ccc(N(c5ccccc5)c5ccccc5)cc4)cc3)cc21,1320
CCCCCCCCCCCCn1c2ccc(C=C(C#N)C#N)cc2c2c1c1c3cc(C=C(C#N)C#N)ccc3n(CCCCCCCCCCCC)c1c1c3cc(C=C(C#N)C#N)ccc3n(CCCCCCCCCCCC)c21,440
CCCCCCCCCCCCn1c2ccc(/C=C/c3nc4ccccc4s3)cc2c2c1c1c3cc(/C=C/c4nc5ccccc5s4)ccc3n(CCCCCCCCCCCC)c1c1c3cc(/C=C/c4nc5ccccc5s4)ccc3n(CCCCCCCCCCCC)c21,750
CCCCCCCCCCCCn1c2ccc(/C=C/c3ccc(C#N)cc3)cc2c2c1c1c3cc(/C=C/c4ccc(C#N)cc4)ccc3n(CCCCCCCCCCCC)c1c1c3cc(/C=C/c4ccc(C#N)cc4)ccc3n(CCCCCCCCCCCC)c21,1030
CCCCCCCCCCCCn1c2ccc(/C=C/c3ccc(/C=C/c4nc5ccccc5s4)s3)cc2c2c1c1c3ccc(/C=C/c4ccc(/C=C/c5nc6ccccc6s5)s4)cc3n(CCCCCCCCCCCC)c1c1c3ccc(/C=C/c4ccc(/C=C/c5nc6ccccc6s5)s4)cc3n(CCCCCCCCCCCC)c21,1600
CCCCCCCCCCCCn1c2ccc(/C=C/c3ccc(/C=C/c4ccc(C#N)cc4)s3)cc2c2c1c1c3ccc(/C=C/c4ccc(/C=C/c5ccc(C#N)cc5)s4)cc3n(CCCCCCCCCCCC)c1c1c3ccc(/C=C/c4ccc(/C=C/c5ccc(C#N)cc5)s4)cc3n(CCCCCCCCCCCC)c21,1410
CCCCCCN(CCCCCC)c1ccc(C#Cc2ccc(C#Cc3ccc(N(CCCCCC)CCCCCC)cc3)c3nsnc23)cc1,230
CCCCCCN(CCCCCC)c1ccc(/C=C/c2ccc(/C=C/c3ccc(N(CCCCCC)CCCCCC)cc3)c3nsnc23)cc1,270
CCCCCCN(CCCCCC)c1ccc(-c2ccc(C#Cc3ccc(C#Cc4ccc(-c5ccc(N(CCCCCC)CCCCCC)cc5)c5nsnc45)c4nsnc34)c3nsnc23)cc1,85
CCCCCCCCOc1cc(C#Cc2cccc3nsnc23)c(OCCCCCCCC)cc1C#Cc1cccc2nsnc12,120
CCCCCCCCOc1cc(C#Cc2ccc(C#Cc3ccc(N(CCCCCC)CCCCCC)cc3)cc2)c(OCCCCCCCC)cc1C#Cc1ccc(C#Cc2ccc(N(CCCCCC)CCCCCC)cc2)cc1,630
CCCCCCCCOc1cc(C#Cc2ccc(C#Cc3ccc(N(CCCCCC)CCCCCC)cc3)c3nsnc23)c(OCCCCCCCC)cc1C#Cc1ccc(C#Cc2ccc(N(CCCCCC)CCCCCC)cc2)c2nsnc12,320
CCCCN(CCCC)c1ccc(/C=C/c2ccncc2)cc1,190
CCCCN(CCCC)c1ccc(/C=C/c2ccnc(-c3cc(/C=C/c4ccc(N(CCCC)CCCC)cc4)ccn3)c2)cc1,410
C(=C/c1ccc(-c2cccs2)s1)\c1cc(/C=C/c2ccc(-c3cccs3)s2)ncn1,1700
C(=C/c1ccc(-c2ccc(N(c3ccccc3)c3ccccc3)cc2)s1)\c1cc(/C=C/c2ccc(-c3cccc(N(c4ccccc4)c4ccccc4)c3)s2)ncn1,1860
C(#Cc1ccc(N(c2ccccc2)c2ccccc2)cc1)c1ccc(N(c2ccccc2)c2ccccc2)cc1,420
C(#Cc1ccc(N(c2ccc(C#Cc3ccc(N(c4ccccc4)c4ccccc4)cc3)cc2)c2ccc(C#Cc3ccc(N(c4ccccc4)c4ccccc4)cc3)cc2)cc1)c1ccc(N(c2ccccc2)c2ccccc2)cc1,1200
COc1ccc(-c2ccc(C=O)s2)cc1,56
CN(C)c1ccc(-c2ccc(C=O)s2)cc1,120
N#CC(C#N)=Cc1ccc(-c2ccccc2)s1,28
CCOc1ccc(-c2ccc(C=C(C#N)C#N)s2)cc1,95
CN(C)c1ccc(-c2ccc(C=C(C#N)C#N)s2)cc1,108
CCN(CC)c1ccc(-c2ccc(C=C(C#N)C#N)s2)cc1,175
O=Cc1ccc(-c2ccc(-c3ccccc3)s2)s1,46
CCOc1ccc(-c2ccc(-c3ccc(C=O)s3)s2)cc1,103
CN(C)c1ccc(-c2ccc(-c3ccc(C=O)s3)s2)cc1,205
CCN(CC)c1ccc(-c2ccc(-c3ccc(C=O)s3)s2)cc1,254
CCOc1ccc(-c2ccc(-c3ccc(C=C(C#N)C#N)s3)s2)cc1,210
CCN(CC)c1ccc(-c2ccc(-c3ccc(C=C(C#N)C#N)s3)s2)cc1,570
CCN1C(=O)C(=Cc2ccc(-c3ccc(N(C)C)cc3)s2)C(=O)N(CC)C1=S,900
Cc1cc(C)c(B(c2ccc(N(c3ccc(B(c4c(C)cc(C)cc4C)c4c(C)cc(C)cc4C)cc3)c3ccc(B(c4c(C)cc(C)cc4C)c4c(C)cc(C)cc4C)cc3)cc2)c2c(C)cc(C)cc2C)c(C)c1,270
Cc1cc(C)c(B(c2cc3c4c(c2)C(C)(C)c2cc(B(c5c(C)cc(C)cc5C)c5c(C)cc(C)cc5C)cc5c2N4c2c(cccc2C5(C)C)C3(C)C)c2c(C)cc(C)cc2C)c(C)c1,210
Cc1cc(C)c(B(c2cc3c4c(c2)C(C)(C)c2cc(B(c5c(C)cc(C)cc5C)c5c(C)cc(C)cc5C)cc5c2N4c2c(cc(B(c4c(C)cc(C)cc4C)c4c(C)cc(C)cc4C)cc2C5(C)C)C3(C)C)c2c(C)cc(C)cc2C)c(C)c1,270
c1csc(-c2cccs2)c1,1
CN(C)c1ccc(C#Cc2ccc(-c3cccs3)s2)cc1,432
CN(C)c1ccc(C#Cc2ccc(-c3ccc(C#Cc4ccc(N(C)C)cc4)s3)s2)cc1,563
c1csc(-c2ccc(-c3cccs3)s2)c1,1
CN(C)c1ccc(C#Cc2ccc(-c3ccc(-c4cccs4)s3)s2)cc1,81
CN(C)c1ccc(C#Cc2ccc(-c3ccc(-c4ccc(C#Cc5ccc(N(C)C)cc5)s4)s3)s2)cc1,380
c1ccc(N(c2ccccc2)c2ccccc2)cc1,5
CCCCCCCC1(CCCCCCC)c2ccccc2-c2ccc(C#Cc3ccc(N(c4ccc(C#Cc5ccc6c(c5)C(CCCCCCC)(CCCCCCC)c5ccccc5-6)cc4)c4ccc(C#Cc5ccc6c(c5)C(CCCCCCC)(CCCCCCC)c5ccccc5-6)cc4)cc3)cc21,1100
CC1(C)c2cccc3c2N2c4c1cccc4C(C)(C)c1cccc(c12)C3(C)C,30
CC1(C)c2cc(C#Cc3ccc(N(c4ccccc4)c4ccccc4)cc3)cc3c2N2c4c1cc(C#Cc1ccc(N(c5ccccc5)c5ccccc5)cc1)cc4C(C)(C)c1cc(C#Cc4ccc(N(c5ccccc5)c5ccccc5)cc4)cc(c12)C3(C)C,4800
N#Cc1ccc(-c2nc3ccccn3c2Cc2ccccc2)cc1,18
FC(F)(F)c1ccc(-c2nc3ccccn3c2Cc2ccccc2)c(C(F)(F)F)c1,5
COc1ccccc1-c1nc2ccccn2c1Cc1ccccc1,17
COc1ccc(-c2nc3ccccn3c2Cc2ccccc2)cc1OC,13
CSc1ccc(-c2nc3ccccn3c2Cc2ccccc2)cc1,16
O=Cc1ccc(-c2nc3ccccn3c2Cc2ccccc2)cc1,10
C#Cc1ccc2nc(-c3ccc(OCCCCCC)cc3)c(Cc3ccccc3)n2c1,11
CCCCCCOc1ccc(-c2nc3ccc(C#Cc4cc(C#N)c(C#Cc5ccc6nc(-c7ccc(OCCCCCC)cc7)c(Cc7ccccc7)n6c5)cc4C#N)cn3c2Cc2ccccc2)cc1,51
CCCCCCOc1ccc(-c2nc3ccc(C#CC#Cc4ccc5nc(-c6ccc(OCCCCCC)cc6)c(Cc6ccccc6)n5c4)cn3c2Cc2ccccc2)cc1,110
CCCCCCCCC1(CCCCCCCC)c2ccccc2-c2ccc(/C=C/c3ccc4c(c3)C(=O)c3cc(/C=C/c5ccc6c(c5)C(CCCCCCCC)(CCCCCCCC)c5ccccc5-6)ccc3-4)cc21,626
O=C1c2cc(/C=C/c3ccc(N(c4ccccc4)c4ccccc4)cc3)ccc2-c2ccc(/C=C/c3ccc(N(c4ccccc4)c4ccccc4)cc3)cc21,884
CCN(CC)c1ccc(/C=C/c2cc(/C=C/c3ccc(N(CC)CC)cc3)nc(-n3cccn3)n2)cc1,1850
CCN(CC)c1ccc(/C=C/c2cc(/C=C/c3ccc(N(CC)CC)cc3)nc(-n3ccnc3)n2)cc1,725
CCCCC(CC)CCc1cc(-c2cccs2)c(CC(CC)CCCC)cc1-c1cccs1,2
CCCCC(CC)CCc1cc(-c2ccc(-c3ccc(-c4cc(CC(CC)CCCC)c(-c5cccs5)cc4CCC(CC)CCCC)s3)s2)c(CC(CC)CCCC)cc1-c1cccs1,115
CCCCC(CC)CCc1cc(-c2ccc(-c3ccc(-c4cc(CC(CC)CCCC)c(-c5ccc(-c6ccc(-c7cc(CC(CC)CCCC)c(-c8cccs8)cc7CCC(CC)CCCC)s6)s5)cc4CCC(CC)CCCC)s3)s2)c(CC(CC)CCCC)cc1-c1cccs1,460
CCCCC(CC)CCc1cc(-c2ccc(-c3ccc(-c4cc(CC(CC)CCCC)c(-c5ccc(-c6ccc(-c7cc(CC(CC)CCCC)c(-c8ccc(-c9ccc(-c%10cc(CC(CC)CCCC)c(-c%11cccs%11)cc%10CCC(CC)CCCC)s9)s8)cc7CCC(CC)CCCC)s6)s5)cc4CCC(CC)CCCC)s3)s2)c(CC(CC)CCCC)cc1-c1cccs1,800
CCN(CC)c1ccc(/C=C/c2cc(/C=C/c3ccc(N(CC)CC)cc3)nc(O)n2)cc1,750
CCN(CC)c1ccc(/C=C/c2ccnc(O)n2)cc1,280
CCN(CC)c1ccc(/C=C/c2cc(/C=C/c3ccc(N(CC)CC)cc3)nc(Oc3nc(Oc4nc(/C=C/c5ccc(N(CC)CC)cc5)cc(/C=C/c5ccc(N(CC)CC)cc5)n4)nc(Oc4nc(/C=C/c5ccc(N(CC)CC)cc5)cc(/C=C/c5ccc(N(CC)CC)cc5)n4)n3)n2)cc1,1030
CCN(CC)c1ccc(-c2nc3ccccc3[nH]2)c(O)c1,86
CCN(CC)c1ccc(-c2nc3ccccc3[nH]2)c(S(=O)(=O)c2ccc([N+](=O)[O-])cc2[N+](=O)[O-])c1,31
CCN(CC)c1ccc(-c2nc3ccccc3[nH]2)c(S(=O)(=O)c2ccc(C)cc2)c1,28
N#C/C(=C\c1ccc(N(c2ccccc2)c2ccccc2)cc1)C(=O)O,140.2
N#C/C(=C\c1ccc(/C=C/c2ccc(N(c3ccccc3)c3ccccc3)cc2)cc1)C(=O)O,1453.4
CCOc1ccc(N(c2ccc(/C=C(\C#N)C(=O)O)cc2)c2ccc(OCC)cc2)cc1,217
CCCCCCC1(CCCCCC)c2cc(C#Cc3c4ccccc4c(C#Cc4ccc5c(c4)C(CCCCCC)(CCCCCC)c4cc(-n6c7ccccc7c7ccccc76)ccc4-5)c4ccccc34)ccc2-c2ccc(-n3c4ccccc4c4ccccc43)cc21,2000
CCCCCCC1(CCCCCC)c2cc(C#Cc3ccc(C#Cc4ccc5c(c4)C(CCCCCC)(CCCCCC)c4cc(-n6c7ccccc7c7ccccc76)ccc4-5)c4nsnc34)ccc2-c2ccc(-n3c4ccccc4c4ccccc43)cc21,2600
c1ccc(N(c2ccccc2)c2ccc3c(c2)C(c2ccccc2)(c2ccccc2)c2cc(-c4ccc5c(c4)C(c4ccccc4)(c4ccccc4)c4cc(N(c6ccccc6)c6ccccc6)ccc4-5)ccc2-3)cc1,129
c1ccc(N(c2ccccc2)c2ccc3c(c2)C(c2ccccc2)(c2ccccc2)c2cc(-c4ccc5c(c4)C(c4ccccc4)(c4ccccc4)c4cc(-c6ccc7c(c6)C(c6ccccc6)(c6ccccc6)c6cc(N(c8ccccc8)c8ccccc8)ccc6-7)ccc4-5)ccc2-3)cc1,230
c1ccc(N(c2ccccc2)c2ccc3c(c2)C(c2ccccc2)(c2ccccc2)c2cc(-c4ccc5c(c4)C(c4ccccc4)(c4ccccc4)c4cc(-c6ccc7c(c6)C(c6ccccc6)(c6ccccc6)c6cc(-c8ccc9c(c8)C(c8ccccc8)(c8ccccc8)c8cc(N(c%10ccccc%10)c%10ccccc%10)ccc8-9)ccc6-7)ccc4-5)ccc2-3)cc1,550
c1ccc(N(c2ccccc2)c2ccc3c(c2)C(c2ccccc2)(c2ccccc2)c2cc(-c4ccc5c(c4)C(c4ccccc4)(c4ccccc4)c4cc(-c6ccc7c(c6)C(c6ccccc6)(c6ccccc6)c6cc(-c8ccc9c(c8)C(c8ccccc8)(c8ccccc8)c8cc(-c%10ccc%11c(c%10)C(c%10ccccc%10)(c%10ccccc%10)c%10cc(N(c%12ccccc%12)c%12ccccc%12)ccc%10-%11)ccc8-9)ccc6-7)ccc4-5)ccc2-3)cc1,1390
CCCCC1(CCCC)c2cc(-c3ccc4c(c3)C(CCCC)(CCCC)c3cc(N(c5ccccc5)c5ccccc5)ccc3-4)ccc2-c2ccc(-c3ccc4c(c3)C(CCCC)(CCCC)c3cc(N(c5ccccc5)c5ccccc5)ccc3-4)cc21,61
CCCCC1(CCCC)c2cc(-c3ccc4c(c3)C(CCCC)(CCCC)c3cc(-c5ccc6c(c5)C(CCCC)(CCCC)c5cc(N(c7ccccc7)c7ccccc7)ccc5-6)ccc3-4)ccc2-c2ccc(-c3ccc4c(c3)C(CCCC)(CCCC)c3cc(N(c5ccccc5)c5ccccc5)ccc3-4)cc21,117
CCCCC1(CCCC)c2cc(-c3ccc4c(c3)C(CCCC)(CCCC)c3cc(-c5ccc6c(c5)C(CCCC)(CCCC)c5cc(N(c7ccccc7)c7ccccc7)ccc5-6)ccc3-4)ccc2-c2ccc(-c3ccc4c(c3)C(CCCC)(CCCC)c3cc(-c5ccc6c(c5)C(CCCC)(CCCC)c5cc(N(c7ccccc7)c7ccccc7)ccc5-6)ccc3-4)cc21,118
N#C/C(=C\c1ccc(/C=C(\C#N)c2ccc(/C=C/c3ccc(N(c4ccccc4)c4ccccc4)cc3)cc2)s1)c1ccc(/C=C/c2ccc(N(c3ccccc3)c3ccccc3)cc2)cc1,675
COc1ccc(-c2cc3sc(C=O)cc3s2)cc1,80
CCOc1ccc(-c2cc3sc(C=O)cc3s2)cc1,88
CCN(CC)c1ccc(-c2cc3sc(C=O)cc3s2)cc1,270
O=Cc1cc2sc(-c3ccc(C4CCCC4=O)cc3)cc2s1,209
N#CC(C#N)=Cc1cc2sc(-c3ccccc3)cc2s1,82
COc1ccc(-c2cc3sc(C=C(C#N)C#N)cc3s2)cc1,230
CCOc1ccc(-c2cc3sc(C=C(C#N)C#N)cc3s2)cc1,390
CCN(CC)c1ccc(-c2cc3sc(C=C(C#N)C#N)cc3s2)cc1,800
CCN1C(=O)C(=Cc2cc3sc(-c4ccc(OC)cc4)cc3s2)C(=O)N(CC)C1=S,400
COCCOCCN(CCOCCOC)c1ccc(/C=C/c2cc(/C=C/c3ccc(N(CCOCCOC)CCOCCOC)cc3)nc(-n3ccnc3)n2)cc1,2900
COCCOCCN(CCOCCOC)c1ccc(/C=C/c2ccnc(-n3ccnc3)n2)cc1,760
C(=C/c1ccnc(-n2ccnc2)n1)\c1ccc(N(c2ccccc2)c2ccccc2)cc1,120
C(=C/c1cc(/C=C/c2ccc(N(c3ccccc3)c3ccccc3)cc2)nc(-n2ccnc2)n1)\c1ccc(N(c2ccccc2)c2ccccc2)cc1,136
CCOc1ccc(N(c2ccc(/C=C/c3ccnc(-n4ccnc4)n3)cc2)c2ccc(OCC)cc2)cc1,490.59
CCOc1ccc(N(c2ccc(/C=C/c3cc(/C=C/c4ccc(N(c5ccc(OCC)cc5)c5ccc(OCC)cc5)cc4)nc(-n4ccnc4)n3)cc2)c2ccc(OCC)cc2)cc1,641.73
CC(C)(C)c1ccc2c(c1)C1(c3cc(NC(=O)NC(=O)c4ccccc4)ccc3-2)c2cc(-c3ccc(N(c4ccccc4)c4ccccc4)cc3)ccc2-c2ccc(-c3ccc(N(c4ccccc4)c4ccccc4)cc3)cc21,650
S=C=Nc1nc(/C=C/c2ccc(N(c3ccccc3)c3ccccc3)cc2)cc(/C=C/c2ccc(N(c3ccccc3)c3ccccc3)cc2)n1,960
OC[C@@H]1C(O)[C@@H](O)[C@@H](NC(=S)Nc2nc(/C=C/c3ccc(N(c4ccccc4)c4ccccc4)cc3)cc(/C=C/c3ccc(N(c4ccccc4)c4ccccc4)cc3)n2)[C@H](O)[C@@H]1O,680
CCn1c2ccccc2c2cc(/C=C/c3cc(C#N)c(/C=C/c4ccc(N(c5ccccc5)c5ccccc5)cc4)cc3C#N)ccc21,1800
CCn1c2ccc(/C=C/c3cc(C#N)c(/C=C/c4ccc(N(c5ccccc5)c5ccccc5)cc4)cc3C#N)cc2c2cc(/C=C/c3cc(C#N)c(/C=C/c4ccc(N(c5ccccc5)c5ccccc5)cc4)cc3C#N)ccc21,3000
CCn1c2ccccc2c2cc(/C=C/c3cc(C#N)c(/C=C/c4ccc(N(C)C)cc4)cc3C#N)ccc21,750
CCn1c2ccc(/C=C/c3cc(C#N)c(/C=C/c4ccc(N(C)C)cc4)cc3C#N)cc2c2cc(/C=C/c3cc(C#N)c(/C=C/c4ccc(N(C)C)cc4)cc3C#N)ccc21,1650
CCn1c2ccccc2c2cc(/C=C/c3cc(C#N)c(/C=C/c4ccc(-n5c6ccccc6c6ccccc65)cc4)cc3C#N)ccc21,950
CCn1c2ccc(/C=C/c3cc(C#N)c(/C=C/c4ccc(-n5c6ccccc6c6ccccc65)cc4)cc3C#N)cc2c2cc(/C=C/c3cc(C#N)c(/C=C/c4ccc(-n5c6ccccc6c6ccccc65)cc4)cc3C#N)ccc21,870
N#C/C(=C\c1ccc(N(c2ccccc2)c2ccccc2)cc1)c1ccncc1,150
N#C/C(=C\c1ccc(N(c2ccccc2)c2ccccc2)cc1)c1nc2ccccc2s1,180
N#C/C(=C\c1ccc(N(c2ccccc2)c2ccccc2)cc1)c1ccc([N+](=O)[O-])cc1,300
CC1(C)CC(/C=C/c2ccc(N(c3ccccc3)c3ccccc3)cc2)=CC(=C(C#N)C#N)C1,430
N#C/C(=C\c1ccc(N(c2ccccc2)c2ccc(/C=C(\C#N)c3ccncc3)cc2)cc1)c1ccncc1,280
N#C/C(=C\c1ccc(N(c2ccccc2)c2ccc(/C=C(\C#N)c3ccc([N+](=O)[O-])cc3)cc2)cc1)c1ccc([N+](=O)[O-])cc1,400
CC1(C)CC(/C=C/c2ccc(N(c3ccccc3)c3ccc(/C=C/C4=CC(=C(C#N)C#N)CC(C)(C)C4)cc3)cc2)=CC(=C(C#N)C#N)C1,580
N#C/C(=C\c1ccc(N(c2ccc(/C=C(\C#N)c3ccncc3)cc2)c2ccc(/C=C(\C#N)c3ccncc3)cc2)cc1)c1ccncc1,230
CC1(C)CC(/C=C/c2ccc(N(c3ccc(/C=C/C4=CC(=C(C#N)C#N)CC(C)(C)C4)cc3)c3ccc(/C=C/C4=CC(=C(C#N)C#N)CC(C)(C)C4)cc3)cc2)=CC(=C(C#N)C#N)C1,420
CCN(CC)c1ccc2c(COC(=O)OCC3c4ccccc4-c4ccccc43)c(/C=C/c3nccs3)c(=O)oc2c1,180
CCN(CC)c1ccc2c(COC(=O)OCC3c4ccccc4-c4ccccc43)c(/C=C/c3nc4ccccc4s3)c(=O)oc2c1,440
CCN(CC)c1ccc2c(COC(=O)OCC3c4ccccc4-c4ccccc43)c(/C=C/c3nc4ccccc4o3)c(=O)oc2c1,365
CCN(CC)c1ccc2c(COC(=O)OCC3c4ccccc4-c4ccccc43)c(/C=C/c3cccc4nsnc34)c(=O)oc2c1,215
CCCCC1(CCCC)c2cc(C=O)ccc2-c2ccc(/C=C/c3c(COC(=O)OCC4c5ccccc5-c5ccccc54)c4ccc(N(CC)CC)cc4oc3=O)cc21,600
CCCCC1(CCCC)c2cc(/C=C/c3c(COC(=O)OCC4c5ccccc5-c5ccccc54)c4ccc(N(CC)CC)cc4oc3=O)ccc2-c2ccc(-c3nc4ccccc4s3)cc21,980
CC1(C)c2ccccc2N(c2ccc(-c3ccc(-c4ccc(N5c6ccccc6C(C)(C)c6ccccc65)cc4)c4nsnc34)cc2)c2ccccc21,11
c1ccc2c(c1)Oc1ccccc1N2c1ccc(-c2ccc(-c3ccc(N4c5ccccc5Oc5ccccc54)cc3)c3nsnc23)cc1,12
c1ccc2c(c1)Sc1ccccc1N2c1ccc(-c2ccc(-c3ccc(N4c5ccccc5Sc5ccccc54)cc3)c3nsnc23)cc1,11
c1ccc2c(c1)c1ccccc1n2-c1ccc2c(c1)c1cc(-n3c4ccccc4c4ccccc43)ccc1n2-c1ccc(-c2ccc(-c3ccc(-n4c5ccc(-n6c7ccccc7c7ccccc76)cc5c5cc(-n6c7ccccc7c7ccccc76)ccc54)cc3)c3nsnc23)cc1,73
Cc1ccc(N(c2ccc(C)cc2)c2ccc3c(c2)c2cc(N(c4ccc(C)cc4)c4ccc(C)cc4)ccc2n3-c2ccc(-c3ccc(-c4ccc(-n5c6ccc(N(c7ccc(C)cc7)c7ccc(C)cc7)cc6c6cc(N(c7ccc(C)cc7)c7ccc(C)cc7)ccc65)cc4)c4nsnc34)cc2)cc1,89
CN1c2ccccc2N(c2ccc(-c3ccc(-c4ccc(N5c6ccccc6N(C)c6ccccc65)s4)c4nsnc34)s2)c2ccccc21,22
CC1(C)c2cccc3c2N2c4c1cccc4C(C)(C)c1cc(-c4ccc(-c5cc6c7c(c5)C(C)(C)c5cccc8c5N7c5c(cccc5C6(C)C)C8(C)C)c5nsnc45)cc(c12)C3(C)C,220
O=c1c2ccc3c4ccc5c(=O)n6c7ccccc7nc6c6ccc(c7ccc(c2c37)c2nc3ccccc3n12)c4c56,7500
O=c1c2ccc3c4ccc5c(=O)n6c7ccccc7nc6c6cc7sc8cc(c2c3c8c7c4c56)c2nc3ccccc3n12,5000
CCCCCN1C(=O)c2ccc3c4ccc5c(=O)n6c7ccccc7nc6c6ccc(c7ccc(c2c37)C1=O)c4c56,5000
CCCCN1C(=O)c2ccc3c4ccc5c6c(ccc(c7ccc(c2c37)C1=O)c64)C(=O)N(CCCC)C5=O,5000
O=C1c2ccc3c4ccc5c6c(ccc(c7ccc(c2c37)C(=O)N1CCc1ccccc1)c64)C(=O)N(CCc1ccccc1)C5=O,1500
O=C1c2ccc3c4ccc5c6c(ccc(c7ccc(c2c37)C(=O)N1Cc1ccccc1)c64)C(=O)N(Cc1ccccc1)C5=O,1500
C(=C/c1ccc(N(c2ccccc2)c2ccccc2)cc1)\c1ccc(/C=C/c2ccc(N(c3ccccc3)c3ccccc3)cc2)cc1,700
CCC1(CC)c2cc(/C=C/c3ccc(N(c4ccccc4)c4ccccc4)cc3)ccc2-c2ccc(/C=C/c3ccc(N(c4ccccc4)c4ccccc4)cc3)cc21,870
CCCCCn1c2cc(/C=C/c3ccc(N(c4ccccc4)c4ccccc4)cc3)ccc2c2ccc(/C=C/c3ccc(N(c4ccccc4)c4ccccc4)cc3)cc21,910
CCCCCC1(CCCC)c2cc(/C=C/c3ccc(N(c4ccccc4)c4ccccc4)cc3)ccc2-c2cc3c(cc21)-c1ccc(/C=C/c2ccc(N(c4ccccc4)c4ccccc4)cc2)cc1C3(CCCC)CCCC,1260
CCCCCCCCn1c2cc(/C=C/c3ccc(N(c4ccccc4)c4ccccc4)cc3)ccc2c2cc3c(cc21)c1ccc(/C=C/c2ccc(N(c4ccccc4)c4ccccc4)cc2)cc1n3CCCCCCC,1790
CCCCCCCCn1c2ccc(/C=C/c3ccc(N(c4ccccc4)c4ccccc4)cc3)cc2c2cc3c(cc21)c1cc(/C=C/c2ccc(N(c4ccccc4)c4ccccc4)cc2)ccc1n3CCCCCCC,880
CCCCOc1cc2nc3c4cc(N(c5ccccc5)c5ccccc5)ccc4c4ccc(N(c5ccccc5)c5ccccc5)cc4c3nc2cc1OCCCC,406
CCCCOc1cc2nc3c4cc(-c5ccc(N(c6ccccc6)c6ccccc6)cc5)ccc4c4ccc(-c5ccc(N(c6ccccc6)c6ccccc6)cc5)cc4c3nc2cc1OCCCC,515
CCCCOc1cc2nc3c4cc(-c5ccc(N(c6ccccc6)c6ccccc6)s5)ccc4c4ccc(-c5ccc(N(c6ccccc6)c6ccccc6)s5)cc4c3nc2cc1OCCCC,2502
CCCCOc1cc2nc3c4cc(-c5ccc(-c6ccc(N(c7ccccc7)c7ccccc7)cc6)s5)ccc4c4ccc(-c5ccc(-c6ccc(N(c7ccccc7)c7ccccc7)cc6)s5)cc4c3nc2cc1OCCCC,4299
CCCCOc1cc2nc3c4cc(-c5ccc(-c6cc(N(c7ccccc7)c7ccccc7)cc(N(c7ccccc7)c7ccccc7)c6)s5)ccc4c4ccc(-c5ccc(-c6cc(N(c7ccccc7)c7ccccc7)cc(N(c7ccccc7)c7ccccc7)c6)s5)cc4c3nc2cc1OCCCC,545
CCCCOc1cc2nc3c4cc(-c5ccc(-c6ccc7c(c6)C(CC)(CC)c6cc(N(c8ccccc8)c8ccccc8)ccc6-7)s5)ccc4c4ccc(-c5ccc(-c6ccc7c(c6)C(CC)(CC)c6cc(N(c8ccccc8)c8ccccc8)ccc6-7)s5)cc4c3nc2cc1OCCCC,5846
CCCCOc1cc2nc3c4cc(-c5ccc(-c6ccc7c(c6)c6cc(N(c8ccccc8)c8ccccc8)ccc6n7CC)s5)ccc4c4ccc(-c5ccc(-c6ccc7c(c6)c6cc(N(c8ccccc8)c8ccccc8)ccc6n7CC)s5)cc4c3nc2cc1OCCCC,2751
CCCCC1(CCCC)c2ccccc2-c2ccc(C#Cc3ccc4ccc5cccc6ccc3c4c56)cc21,260
CCCCC1(CCCC)c2ccccc2-c2ccc(C#Cc3ccc4ccc5c(C#Cc6ccc7c(c6)C(CCCC)(CCCC)c6ccccc6-7)ccc6ccc3c4c65)cc21,2000
CCCCC1(CCCC)c2ccccc2-c2ccc(C#Cc3cc(C#Cc4ccc5c(c4)C(CCCC)(CCCC)c4ccccc4-5)c4ccc5c(C#Cc6ccc7c(c6)C(CCCC)(CCCC)c6ccccc6-7)cc(C#Cc6ccc7c(c6)C(CCCC)(CCCC)c6ccccc6-7)c6ccc3c4c65)cc21,2500
CCCCC1(CCCC)c2cc(C#Cc3cc(C#Cc4ccc5c(c4)C(CCCC)(CCCC)c4cc([N+](=O)[O-])ccc4-5)c4ccc5c(C#Cc6ccc7c(c6)C(CCCC)(CCCC)c6cc([N+](=O)[O-])ccc6-7)cc(C#Cc6ccc7c(c6)C(CCCC)(CCCC)c6cc([N+](=O)[O-])ccc6-7)c6ccc3c4c65)ccc2-c2ccc([N+](=O)[O-])cc21,2500
c1ccc(N(c2ccccc2)c2ccc(C(=C(c3cccs3)c3ccc(-c4ccc(-c5ccc(N(c6ccccc6)c6ccccc6)cc5)c5nsnc45)s3)c3ccc(N(c4ccccc4)c4ccccc4)cc3)cc2)cc1,300
c1ccc(N(c2ccccc2)c2ccc(C(=C(c3ccc(-c4ccc(-c5ccc(N(c6ccccc6)c6ccccc6)cc5)c5nsnc45)s3)c3ccc(-c4ccc(-c5ccc(N(c6ccccc6)c6ccccc6)cc5)c5nsnc45)s3)c3ccc(N(c4ccccc4)c4ccccc4)cc3)cc2)cc1,700
c1ccc(C(=C(c2ccccc2)c2ccc(-c3ccc(-c4ccc(C(=C(c5ccc(N(c6ccccc6)c6ccccc6)cc5)c5ccc(N(c6ccccc6)c6ccccc6)cc5)c5cccs5)s4)c4nsnc34)cc2)c2ccccc2)cc1,1720
c1ccc(/C(=C(\c2ccccc2)c2ccc(-c3ccc(-c4ccc(C(=C(c5ccc(N(c6ccccc6)c6ccccc6)cc5)c5ccc(N(c6ccccc6)c6ccccc6)cc5)c5cccs5)s4)c4nsnc34)cc2)c2ccc(-c3ccc(-c4ccc(C(=C(c5ccc(N(c6ccccc6)c6ccccc6)cc5)c5ccc(N(c6ccccc6)c6ccccc6)cc5)c5cccs5)s4)c4nsnc34)cc2)cc1,1900
COc1ccc(/C(C#N)=C/c2ccc(C(=C(c3ccccc3)c3ccccc3)c3ccccc3)cc2)cc1,5548
C(#Cc1cc(C#Cc2ccccc2)c2ccc3c(-c4ccccc4)cc(-c4ccccc4)c4ccc1c2c43)c1ccccc1,200
Fc1ccc(C#Cc2cc(C#Cc3ccc(F)cc3)c3ccc4c(-c5ccccc5)cc(-c5ccccc5)c5ccc2c3c54)cc1,190
COc1ccc(C#Cc2cc(C#Cc3ccc(OC)cc3)c3ccc4c(-c5ccccc5)cc(-c5ccccc5)c5ccc2c3c54)cc1,110
O=Cc1ccc(C#Cc2cc(C#Cc3ccc(C=O)cc3)c3ccc4c(-c5ccccc5)cc(-c5ccccc5)c5ccc2c3c54)cc1,1600
CN(C)c1ccc(C#Cc2cc(C#Cc3ccc(N(C)C)cc3)c3ccc4c(-c5ccccc5)cc(-c5ccccc5)c5ccc2c3c54)cc1,2400
CN(C)c1ccc(/C=C/C2=CC(/C=C/c3ccc(N(C)C)cc3)=[O+][B-](F)(F)O2)cc1,900
CN(C)c1ccc(/C=C/C2=C3CCC/C(=C\c4ccc(N(C)C)cc4)C3=[O+][B-](F)(F)O2)cc1,2450
CCCOc1cc(N(CC)CC)ccc1/C=C/C1=CC(/C=C/c2ccc(N(CC)CC)cc2OCCC)=[O+][B-](F)(F)O1,2100
CCCOc1c(/C=C/C2=CC(/C=C/c3cc4c5c(c3OCCC)CCCN5CCC4)=[O+][B-](F)(F)O2)cc2c3c1CCCN3CCC2,4500
COc1ccc(/C=C/C2=CC(/C=C/c3ccc(OC)cc3)=[O+][B-](F)(F)O2)cc1,155
CSc1ccc(/C=C/C2=CC(/C=C/c3ccc(SC)cc3)=[O+][B-](F)(F)O2)cc1,330
COCCOCCOc1ccc(/C=C/C2=CC(/C=C/c3ccc(OCCOCCOC)cc3)=[O+][B-](F)(F)O2)cc1,160
CC(C)CC1=CC(/C=C/c2ccc(N(C)C)cc2)=[O+][B-](F)(F)O1,179
CSc1ccc(/C=C/C2=[O+][B-](F)(F)OC(CC(C)C)=C2)cc1,63
CCC(=O)c1ccc2cc(N(C)C)ccc2c1,110
O=c1cc(C(F)(F)F)c2cc3c4c(c2o1)CCCN4CCC3,48
CCN(CC)c1ccc2nc3c4ccccc4c(=O)cc-3oc2c1,100
CCN(CC)c1ccc2nc3c4cc(C(F)(F)F)ccc4c(=O)cc-3oc2c1,235
CCN(CC)c1ccc2nc3c4cccc(C(F)(F)F)c4c(=O)cc-3oc2c1,190
CCN(CC)c1ccc2nc3c4ccc(C(F)(F)F)cc4c(=O)cc-3oc2c1,135
CCN(CC)c1ccc2nc3c4ccc(F)cc4c(=O)cc-3oc2c1,102
CCN(CC)c1ccc2nc3c4ccc(Br)cc4c(=O)cc-3oc2c1,132
CCC(CC)N1C(=O)c2ccc3c4ccc5c6c(ccc(c7ccc(c2c37)C1=O)c64)C(=O)N(C(CC)CC)C5=O,530
CCCCCCC1(CCCCCC)c2cc3c(cc2-c2c1c1c(c4c2C(CCCCCC)(CCCCCC)c2cc5c(cc2-4)c2cc4c(=O)n(C(CC)CC)c(=O)c6ccc7c8ccc9c(=O)n(C(CC)CC)c(=O)c%10cc5c(c8c9%10)c2c7c64)C(CCCCCC)(CCCCCC)c2cc4c(cc2-1)c1cc2c(=O)n(C(CC)CC)c(=O)c5ccc6c7ccc8c(=O)n(C(CC)CC)c(=O)c9cc4c(c7c89)c1c6c52)c1cc2c4c(ccc5c6ccc7c8c(cc3c(c86)c1c45)CN(C)C7=O)C(=O)N(C(CC)CC)C2=O,11200
CCCCNc1ccc2c3c(cccc13)C(=O)N(CCCC)C2=O,17
CCC1=C(C)C2C(c3ccccc3)c3c(C)c(CC)c(C)n3[B-](F)(F)[N+]2=C1C,10
CCCCNc1ccc2c3c(cccc13)C(=O)N(Cc1ccc(C3c4c(C)c(CC)c(C)n4[B-](F)(F)[N+]4=C(C)C(CC)=C(C)C34)cc1)C2=O,27
CCCCNc1ccc2c3c(cccc13)C(=O)N(c1ccc(C3c4c(C)c(CC)c(C)n4[B-](F)(F)[N+]4=C(C)C(CC)=C(C)C34)cc1)C2=O,19
CCN(CC)c1ccc(-c2nc(Cl)nc(Cl)n2)cc1,190
CCN(CC)c1c(C)cc(-c2nc(Cl)nc(Cl)n2)cc1C,88
O=Cc1ccc(-c2ccc(N(c3ccc(-c4ccc(C=O)s4)cc3)c3ccc(-c4ccc(C=O)s4)cc3)cc2)s1,570
O=Cc1ccc(-c2ccc(N(c3ccccc3)c3ccccc3)cc2)s1,145
N#C/C=C/c1ccc(N(c2ccc(/C=C/C#N)cc2)c2ccc(/C=C/C#N)cc2)cc1,260
N#Cc1ccc(-c2ccc(N(c3ccc(-c4ccc(C#N)cc4)cc3)c3ccc(-c4ccc(C#N)cc4)cc3)cc2)cc1,580
N#Cc1ccc(C#Cc2ccc(N(c3ccc(C#Cc4ccc(C#N)cc4)cc3)c3ccc(C#Cc4ccc(C#N)cc4)cc3)cc2)cc1,800
N#CC(C#N)=CC#Cc1ccc(N(c2ccc(C#CC=C(C#N)C#N)cc2)c2ccc(C#CC=C(C#N)C#N)cc2)cc1,730
Cn1c(/C=C/c2ccc(N(c3ccc(/C=C/c4nc(C#N)c(C#N)n4C)cc3)c3ccc(/C=C/c4nc(C#N)c(C#N)n4C)cc3)cc2)nc(C#N)c1C#N,650
N#Cc1cccc(C#N)c1C#Cc1ccc(N(c2ccc(C#Cc3c(C#N)cccc3C#N)cc2)c2ccc(C#Cc3c(C#N)cccc3C#N)cc2)cc1,860
N#Cc1ccc(C#Cc2ccc(N(c3ccc(C#Cc4ccc(C#N)cc4C#N)cc3)c3ccc(C#Cc4ccc(C#N)cc4C#N)cc3)cc2)c(C#N)c1,620
N#Cc1ccc(C#Cc2ccc(N(c3ccc(C#Cc4ccc(C#N)s4)cc3)c3ccc(C#Cc4ccc(C#N)s4)cc3)cc2)s1,100
N#Cc1csc(C#Cc2ccc(N(c3ccc(C#Cc4scc(C#N)c4C#N)cc3)c3ccc(C#Cc4scc(C#N)c4C#N)cc3)cc2)c1C#N,350
O=C1OC2(c3ccc(O)cc3Oc3cc(O)ccc32)c2ccccc21,65
C(=C/c1ccc(N(c2ccccc2)c2ccccc2)cc1)\c1ccc(N(c2ccccc2)c2ccccc2)cc1,340
O=c1ccc2ccccc2o1,38
CCNc1cc2oc3cc(=[NH+]CC)c(C)cc-3c(-c3ccccc3C(=O)OCC)c2cc1C,132
CCN(CC)c1ccc2c(-c3ccccc3C(=O)O)c3ccc(=[N+](CC)CC)cc-3oc2c1,240
C1=Cc2nc1c(-c1ccccc1)c1ccc([nH]1)c(-c1ccccc1)c1nc(c(-c3ccccc3)c3ccc([nH]3)c2-c2ccccc2)C=C1,9
CCCCCCCCCCC1(CCCCCCCCCC)c2cc(N(c3ccccc3)c3ccccc3)ccc2-c2ccc(N(c3ccccc3)c3ccccc3)cc21,1000
CCCCCCCCCCC1(CCCCCCCCCC)c2cc(/C=C/c3ccc(-c4nc5ccccc5s4)cc3)ccc2-c2ccc(N(c3ccccc3)c3ccccc3)cc21,1530
C(#Cc1cccc(C#Cc2ccc(-c3c4nc(c(-c5ccc(C#Cc6cccc(C#Cc7ccccc7)c6)cc5)c5ccc([nH]5)c(-c5ccc(C#Cc6cccc(C#Cc7ccccc7)c6)cc5)c5nc(c(-c6ccc(C#Cc7cccc(C#Cc8ccccc8)c7)cc6)c6ccc3[nH]6)C=C5)C=C4)cc2)c1)c1ccccc1,10523
C(#Cc1ccc(C#Cc2ccc(-c3c4nc(c(-c5ccc(C#Cc6ccc(C#Cc7ccccc7)cc6)cc5)c5ccc([nH]5)c(-c5ccc(C#Cc6ccc(C#Cc7ccccc7)cc6)cc5)c5nc(c(-c6ccc(C#Cc7ccc(C#Cc8ccccc8)cc7)cc6)c6ccc3[nH]6)C=C5)C=C4)cc2)cc1)c1ccccc1,15525
C(#Cc1ccc(-c2c3nc(c(-c4ccc(C#Cc5ccccc5)cc4)c4ccc([nH]4)c(-c4ccc(C#Cc5ccccc5)cc4)c4nc(c(-c5ccc(C#Cc6ccccc6)cc5)c5ccc2[nH]5)C=C4)C=C3)cc1)c1ccccc1,1537
CCOc1ccc(-c2nnc(-c3ccc(/C=C/c4ccc5c(c4)sc4cc(/C=C/c6ccc(-c7nnc(-c8ccc(OCC)cc8)o7)cc6)ccc45)cc3)o2)cc1,377
CCOc1ccc(-c2nnc(-c3ccc(/C=C/c4ccc5c6ccc(/C=C/c7ccc(-c8nnc(-c9ccc(OCC)cc9)o8)cc7)cc6n(CC)c5c4)cc3)o2)cc1,454
N#Cc1c(/C=C/c2ccc(N(c3ccccc3)c3ccccc3)cc2)nc(/C=C/c2ccc(N(c3ccccc3)c3ccccc3)cc2)c(C#N)c1/C=C/c1ccc(N(c2ccccc2)c2ccccc2)cc1,187
N#Cc1c(/C=C/c2ccc(N(c3ccccc3)c3ccc(Br)cc3)cc2)nc(/C=C/c2ccc(N(c3ccccc3)c3ccc(Br)cc3)cc2)c(C#N)c1/C=C/c1ccc(N(c2ccccc2)c2ccc(Br)cc2)cc1,204
Cc1nc(/C=C/c2ccc(N(c3ccccc3)c3ccc(Br)cc3)cc2)c(C#N)c(/C=C/c2ccc(N(c3ccccc3)c3ccc(Br)cc3)cc2)c1C#N,118
CCCCCCCCCCCCCCCCN(CC)c1ccc(/C=C/c2nc(C)c(C#N)c(/C=C/c3ccc(N(CC)CCCCCCCCCCCCCCCC)cc3)c2C#N)cc1,109
Cc1cc(C)c(B(c2ccc(/C=C/c3ccc(/C=C/c4ccc(B(c5c(C)cc(C)cc5C)c5c(C)cc(C)cc5C)cc4)cc3)cc2)c2c(C)cc(C)cc2C)c(C)c1,75
Cc1cc(C)c(B(c2ccc(/C=C/c3ccc(/C=C/c4ccc(B(c5c(C)cc(C)cc5C)c5c(C)cc(C)cc5C)s4)cc3)s2)c2cc(C)cc(C)c2C)c(C)c1,1340
CCN(CC)c1ccc(/C=C/c2ccc(/C=C/c3nc4ccccc4s3)cc2)cc1,206
C(=C/c1ccc(N(c2ccccc2)c2ccccc2)cc1)\c1ccc(/C=C/c2nc3ccccc3s2)cc1,221
C(=C/c1ccc(-n2c3ccccc3c3ccccc32)cc1)\c1ccc(/C=C/c2nc3ccccc3s2)cc1,118
CN(CCO)c1ccc(/C=C/c2cc(/C=C/c3ccc(N(C)CCO)cc3)c(/C=C/c3ccc(N(C)CCO)cc3)cc2/C=C/c2ccc(N(C)CCO)cc2)cc1,65
Cc1nc(/C=C/c2ccc(N(C)C)cc2)nc(/C=C/c2ccc(N(C)C)cc2)n1,1140
CN(C)c1ccc(/C=C/c2nc(/C=C/c3ccc(N(C)C)cc3)nc(/C=C/c3ccc(N(C)C)cc3)n2)cc1,2405
COc1ccc(N(c2ccc(C#Cc3cc(C)c(C#Cc4ccc(N(c5ccc(OC)cc5)c5ccc(OC)cc5)cc4)cc3C)cc2)c2ccc(OC)cc2)cc1,980
COc1ccc(N(c2ccc(C#Cc3c4ccccc4c(C#Cc4ccc(N(c5ccc(OC)cc5)c5ccc(OC)cc5)cc4)c4ccccc34)cc2)c2ccc(OC)cc2)cc1,400
COc1ccc(N(c2ccc(C#Cc3cc4ccc3CCc3ccc(cc3C#Cc3ccc(N(c5ccc(OC)cc5)c5ccc(OC)cc5)cc3)CC4)cc2)c2ccc(OC)cc2)cc1,280
Clc1ccc(N(c2ccc(Cl)cc2)c2ccc(C#Cc3c4ccccc4c(C#Cc4ccc(N(c5ccc(Cl)cc5)c5ccc(Cl)cc5)cc4)c4ccccc34)cc2)cc1,550
CCCCN(CCCC)c1ccc(/C=C/c2c(F)c(F)c(/C=C/c3ccc(N(CCCC)CCCC)cc3)c(F)c2F)cc1,1400
CCCCN(CCCC)c1ccc(/C=C/c2ccc(/C=C/c3ccc(N(CCCC)CCCC)cc3)c(C#N)c2)cc1,260
CCCCN(CCCC)c1ccc(/C=C/c2cc(S(=O)(=O)CCC)c(/C=C/c3ccc(N(CCCC)CCCC)cc3)cc2S(=O)(=O)CCC)cc1,4100
CCCCCCOc1ccc(OCCCCCC)c(/C=C/c2c(F)c(F)c(/C=C/c3cc(OCCCCCC)ccc3OCCCCCC)c(F)c2F)c1,600
CN(C)c1ccc(/C=C/C=C/c2c(F)c(F)c(/C=C/C=C/c3ccc(N(C)C)cc3)c(F)c2F)cc1,1700
CN(C)c1ccc(/C=C/c2c(F)c(F)c(F)c(F)c2F)cc1,120
CN(C)c1ccc(/C=C/C=C/c2c(F)c(F)c(F)c(F)c2F)cc1,300
CN(C)c1ccc(/C=C/C=C/C=C/c2c(F)c(F)c(F)c(F)c2F)cc1,500
CCCCCCCCN1C(=O)c2cccc3c(C#Cc4ccc(C#Cc5ccc(C#Cc6ccc7c(c6)c6ccccc6n7CCC)cc5)cc4)ccc(c23)C1=O,120
CCCCCCCCN1C(=O)c2cccc3c(C#Cc4cccc(C#Cc5ccc(C#Cc6ccc7c(c6)c6ccccc6n7CCC)cc5)c4)ccc(c23)C1=O,98
CCCCCCCCN1C(=O)c2cccc3c(C#Cc4ccc(C#Cc5cccc(C#Cc6ccc7c(c6)c6ccccc6n7CCC)c5)cc4)ccc(c23)C1=O,44
CCCCCCCCN1C(=O)c2cccc3c(C#Cc4cccc(C#Cc5cccc(C#Cc6ccc7c(c6)c6ccccc6n7CCC)c5)c4)ccc(c23)C1=O,15
CCC(CC)CS(=O)(=O)c1ccc(/C=C/c2ccc(N(c3ccccc3)c3ccccc3)cc2)cc1,1100
CCC(CC)CS(=O)(=O)c1ccc(/C=C/c2ccc(/C=C/c3ccc(N(c4ccccc4)c4ccccc4)cc3)cc2)cc1,2700
CCC(CC)CS(=O)(=O)c1ccc(/C=C/c2ccc(N(c3ccccc3)c3ccc(/C=C/c4ccc(S(=O)(=O)CC(CC)CC)cc4)cc3)cc2)cc1,1900
CCC(CC)CS(=O)(=O)c1ccc(/C=C/c2ccc(/C=C/c3ccc(N(c4ccccc4)c4ccc(/C=C/c5ccc(/C=C/c6ccc(S(=O)(=O)CC(CC)CC)cc6)cc5)cc4)cc3)cc2)cc1,5600
CCC(CC)CS(=O)(=O)c1ccc(/C=C/c2ccc(N(c3ccc(/C=C/c4ccc(S(=O)(=O)CC(CC)CC)cc4)cc3)c3ccc(/C=C/c4ccc(S(=O)(=O)CC(CC)CC)cc4)cc3)cc2)cc1,4600
CCC(CC)CS(=O)(=O)c1ccc(/C=C/c2ccc(/C=C/c3ccc(N(c4ccc(/C=C/c5ccc(/C=C/c6ccc(S(=O)(=O)CC(CC)CC)cc6)cc5)cc4)c4ccc(/C=C/c5ccc(/C=C/c6ccc(S(=O)(=O)CC(CC)CC)cc6)cc5)cc4)cc3)cc2)cc1,9400
CC(C)(C)c1ccc(-c2nnc(-c3ccc(N(c4ccccc4)c4ccc5ccc6cccc7ccc4c5c67)cc3)o2)cc1,135
CCCCCCOc1ccc(-c2nnc(-c3ccc(N(c4ccccc4)c4ccccc4)cc3)o2)cc1,141
CCCCCCOc1ccc(-c2nnc(-c3ccc(N(c4ccccc4)c4cccc5ccccc45)cc3)o2)cc1,143
CCCCCCOc1ccc(-c2nnc(-c3ccc(N(c4ccccc4)c4ccc5ccc6cccc7ccc4c5c67)cc3)o2)cc1,249
N#C/C(=C\c1ccc(/C=C(\C#N)c2ccc(N(c3ccccc3)c3ccccc3)cc2)cc1)c1ccccc1,254
N#C/C(=C\c1ccc(/C=C(\C#N)c2ccc(N(c3ccccc3)c3cccc4ccccc34)cc2)cc1)c1ccccc1,540
N#C/C(=C\c1ccc(/C=C(\C#N)c2ccc(N(c3ccccc3)c3ccc4ccc5cccc6ccc3c4c56)cc2)cc1)c1ccccc1,1180
C(#Cc1ccc(-c2nnc(-c3ccc(C#Cc4cccc(N(c5ccccc5)c5ccccc5)c4)s3)o2)s1)c1cccc(N(c2ccccc2)c2ccccc2)c1,997
CCCCN1C(=O)c2cccc3c(C#Cc4ccc(N(c5ccccc5)c5ccccc5)cc4)ccc(c23)C1=O,107
CCCCN1C(=O)c2cccc3c(C#Cc4ccc(N(c5ccccc5)c5ccc(C#Cc6ccc7c8c(cccc68)C(=O)N(CCCC)C7=O)cc5)cc4)ccc(c23)C1=O,360
CCCCN1C(=O)c2cccc3c(C#Cc4ccc(N(c5ccc(C#Cc6ccc7c8c(cccc68)C(=O)N(CCCC)C7=O)cc5)c5ccc(C#Cc6ccc7c8c(cccc68)C(=O)N(CCCC)C7=O)cc5)cc4)ccc(c23)C1=O,250
COc1ccc(N(c2ccccc2)c2ccc(/C=C/c3ccc(-c4nc(-c5ccc(C)cc5)nc(-c5ccc(C)cc5)n4)cc3)cc2)cc1,77
COc1ccc(N(c2ccccc2)c2ccc(/C=C/c3ccc(-c4nc(-c5ccc(/C=C/c6ccc(N(c7ccccc7)c7ccc(OC)cc7)cc6)cc5)nc(-c5ccc(/C=C/c6ccc(N(c7ccccc7)c7ccc(OC)cc7)cc6)cc5)n4)cc3)cc2)cc1,407
CN(C)c1ccc(/C=C2\CC/C(=C\c3ccc(N(c4ccccc4)c4ccccc4)cc3)C2=O)cc1,781
CN(C)c1ccc(/C=C2\CC/C(=C\c3ccc(N(c4ccccc4)c4ccc(/C=C5\CC/C(=C\c6ccc(N(C)C)cc6)C5=O)cc4)cc3)C2=O)cc1,2474
CN(C)c1ccc(/C=C2\CC/C(=C/c3ccc(N(c4ccc(/C=C5\CC/C(=C\c6ccc(N(C)C)cc6)C5=O)cc4)c4ccc(/C=C5\CC/C(=C\c6ccc(N(C)C)cc6)C5=O)cc4)cc3)C2=O)cc1,3298
c1ccc2cc(N(c3ccc(-c4ccc(-c5ccc(N(c6ccc7ccccc7c6)c6ccc7ccccc7c6)cc5)c5nsnc45)cc3)c3ccc4ccccc4c3)ccc2c1,110
c1ccc(N(c2ccccc2)c2ccc(-c3ccc(-c4ccc(-c5ccc(-c6ccc(N(c7ccccc7)c7ccccc7)cc6)cc5)c5nsnc45)cc3)cc2)cc1,200
c1ccc(N(c2ccccc2)c2ccc(-c3ccc(-c4ccc(-c5ccc(-c6ccc(N(c7ccccc7)c7ccccc7)s6)cc5)c5nsnc45)s3)cc2)cc1,280
C(=C/N(c1ccccc1)c1ccccc1)\c1ccc(/C=C/N(c2ccccc2)c2ccccc2)c2nsnc12,330
C(#Cc1ccc(C#Cc2ccc(N(c3ccccc3)c3ccccc3)cc2)c2nsnc12)c1ccc(N(c2ccccc2)c2ccccc2)cc1,200
C(=C/c1ccc(N(c2ccccc2)c2ccccc2)cc1)\c1ccc(-c2ccc(-c3ccc(/C=C/c4ccc(N(c5ccccc5)c5ccccc5)cc4)cc3)c3nsnc23)cc1,330
C(=C/c1cc(/C=C/c2ccc(-c3ccc(-c4ccc(N(c5ccccc5)c5ccccc5)cc4)c4nsnc34)cc2)cc(/C=C/c2ccc(-c3ccc(-c4ccc(N(c5ccccc5)c5ccccc5)cc4)c4nsnc34)cc2)c1)\c1ccc(-c2ccc(-c3ccc(N(c4ccccc4)c4ccccc4)cc3)c3nsnc23)cc1,780
C(=C/c1ccc(-c2ccc(-c3ccc(/C=C/c4ccc(N(c5ccccc5)c5ccccc5)cc4)cc3)c3nsnc23)cc1)\c1ccccc1,170
C(=C/c1ccc(N(c2ccccc2)c2ccccc2)cc1)\c1ccc(-c2ccc(-c3ccc(N(c4ccccc4)c4ccccc4)cc3)c3nsnc23)cc1,230
CCCCCCOc1cc(/C=C/c2ccc(N(CC)CC)cc2)c(OCCN(C)c2ccc(/N=N/c3ccc([N+](=O)[O-])cc3)cc2)cc1/C=C/c1ccc(N(CC)CC)cc1,2600
CCCCCCCCCCCCOc1cc(/C=C/c2ccc(N(c3ccccc3)c3cccc(C)c3)cc2)c(OCCCCCCCCCCCC)cc1/C=C/c1ccc(N(c2ccccc2)c2cccc(C)c2)cc1,855
CC(C)(C)c1ccc(-c2nnc(-c3ccc(/C=C/c4ccc(N(c5ccc(/C=C/c6ccc(-c7nnc(-c8ccc(C(C)(C)C)cc8)o7)cc6)cc5)c5ccc(/C=C/c6ccc(-c7nnc(-c8ccc(C(C)(C)C)cc8)o7)cc6)cc5)cc4)cc3)o2)cc1,430
CCCCCN(CCCC)c1ccc(/C=C/c2cc(C#N)c(/C=C/c3ccc(/C=C/c4cc(C#N)c(/C=C/c5ccc(N(CCCC)CCCCC)cc5)cc4C#N)cc3)cc2C#N)cc1,3600
CCCCCN(CCCC)c1ccc(/C=C/c2cc(OC)c(/C=C/c3cc(C#N)c(/C=C/c4cc(OC)c(/C=C/c5ccc(N(CCCC)CCCCC)cc5)cc4OC)cc3C#N)cc2OC)cc1,5300
CCCCCCn1c(/C=C/c2ccc(N(CCCC)CCCC)cc2)ccc1/C=C/c1ncc(/C=C/C2=C(C#N)C(C(C#N)C#N)OC2(C)C)s1,1420
CCCCCCCCCCS(=O)(=O)/C=C/c1ccc(C#Cc2ccc(N(c3ccc(C#Cc4ccc(/C=C/S(=O)(=O)CCCCCCCCCC)cc4)cc3)c3ccc(C#Cc4ccc(/C=C/S(=O)(=O)CCCCCCCCCC)cc4)cc3)cc2)cc1,1065
CC(C)(C)c1ccc(-c2nnc(-c3ccc(/C=C/c4ccc(N(c5ccccc5)c5ccc(/C=C/c6ccc(-c7nnc(-c8ccc(C(C)(C)C)cc8)o7)cc6)cc5)cc4)cc3)o2)cc1,275
C(=C/c1ccc(/C=C/c2ccc(/C=C/c3ccc(N(c4ccccc4)c4ccccc4)cc3)s2)s1)\c1ccc(N(c2ccccc2)c2ccccc2)cc1,65
CC(C)(C)c1ccc(-c2nnc(-c3ccc(/C=C/c4ccc(N(c5ccccc5)c5ccccc5)cc4)cc3)o2)cc1,88
CCCCC1(CCCC)c2ccccc2-c2cc(/C=C/c3ccc(/C=C/c4ccc5c(c4)C(CCCC)(CCCC)c4ccc(N(c6ccccc6)c6ccccc6)cc4-5)cc3)ccc21,94
CCCCCCCCCCC1(CCCCCCCCCC)c2cc(/C=C/c3ccc(-c4nc5ccccc5s4)cc3)ccc2-c2ccc(/C=C/c3ccc(-c4nc5ccccc5s4)cc3)cc21,6000
CC(C)(C)c1ccc(C2N=NC(c3ccc(N(c4ccccc4)c4ccccc4)cc3)O2)cc1,98
CC(C)(C)c1ccc(C2N=NC(c3ccc(N(c4ccccc4)c4cccc5ccccc45)cc3)O2)cc1,104
CCCCN(CCCC)c1ccc(/C=C/c2ccc(/C=C/c3ccc(-c4ccc(N(CCCC)CCCC)cc4)cc3)cc2)cc1,995
CCCCN(CCCC)c1ccc(/C=C/c2cc(OC)c(/C=C/c3ccc(-c4ccc(N(CCCC)CCCC)cc4)cc3)cc2OC)cc1,900
N#Cc1cc(/C=C/c2ccc(N(c3ccccc3)c3ccccc3)cc2)c(C#N)cc1/C=C/c1ccc(-c2ccc(N(c3ccccc3)c3ccccc3)cc2)cc1,1940
Brc1cc(/C=C/c2ccc(N(c3ccccc3)c3ccccc3)cc2)c(Br)cc1/C=C/c1ccc(-c2ccc(N(c3ccccc3)c3ccccc3)cc2)cc1,450
CCCCCN(CCCCC)c1ccc(/C=C(/C#N)c2ccc(/C(C#N)=C/c3ccc(-c4ccc(N(CCCCC)CCCCC)cc4)cc3)cc2)cc1,890
Cc1cccc(N(c2ccccc2)c2ccc(/C=C/c3ccc(/C=C/c4ccc(-c5ccc(N(c6ccccc6)c6cccc(C)c6)cc5)cc4)cc3)cc2)c1,805
CCCCCCCCCCCCOc1cc(/C=C/c2ccc(N(c3ccccc3)c3cccc(C)c3)cc2)c(OCCCCCCCCCCCC)cc1/C=C/c1ccc(-c2ccc(N(c3ccccc3)c3cccc(C)c3)cc2)cc1,855
CCCCCN(/C=C/C=C/c1cc(OC)c(/C=C/C=C/c2ccc(N(CCCCC)CCCCC)cc2)cc1OC)CCCCC,1270
CCCCN(CCC)c1ccc(/C=C/c2ccc3c(c2)CCc2cc(/C=C/c4ccc(N(CCCC)CCCC)cc4)ccc2-3)cc1,1200
C/C(C=O)=C\C=C(C)\C=C\c1ccc2c(c1)CCc1cc(/C=C/c3ccc(C=O)cc3)ccc1-2,320
CCCCCCCCN(CCCCCCC)c1ccc(/C=C/c2ccc3c(c2)CCc2cc(/C=C/c4ccc(N(CCCCCCCC)CCCCCCCC)cc4)ccc2-3)cc1,1730
CCCCCCCCN(CCCCCCC)c1ccc(/C=C/c2ccc(/C=C/c3ccc4c(c3)CCc3cc(/C=C/c5ccc(/C=C/c6ccc(N(CCCCCCCC)CCCCCCCC)cc6)s5)ccc3-4)s2)cc1,2560
CCCCCCCCN(CCCCCCC)c1ccc(/C=C/c2ccc(/C=C/c3ccc4c(c3)CCc3cc(/C=C/c5ccc(/C=C/c6ccc(N(CCCCCCCC)CCCCCCCC)cc6)cc5)ccc3-4)cc2)cc1,3310
CCCCCCCCN(CCCCCCC)c1ccc(/C=C/c2ccc3c(c2)CCc2cc(/C=C/c4ccc5c(c4)CCc4cc(/C=C/c6ccc7c(c6)CCc6cc(/C=C/c8ccc(N(CCCCCCCC)CCCCCCCC)cc8)ccc6-7)ccc4-5)ccc2-3)cc1,3760
O=S(=O)(c1ccc(/C=C/c2ccc(C#Cc3ccc(N(c4ccc(C#Cc5ccc(/C=C/c6ccc(S(=O)(=O)C(F)(F)F)cc6)cc5)cc4)c4ccc(C#Cc5ccc(/C=C/c6ccc(S(=O)(=O)C(F)(F)F)cc6)cc5)cc4)cc3)cc2)cc1)C(F)(F)F,1080
CCCCCCCCCC1(CCCCCCCCC)c2cc(C=O)ccc2-c2ccc(/C=C/c3ccc(N(c4ccc(/C=C/c5ccc6c(c5)C(CCCCCCCCC)(CCCCCCCCC)c5cc(C=O)ccc5-6)cc4)c4ccc(/C=C/c5ccc6c(c5)C(CCCCCCCCC)(CCCCCCCCC)c5cc(C=O)ccc5-6)cc4)cc3)cc21,1265
CCCCCCCCCC1(CCCCCCCCC)c2cc(/C=C/c3ccc(N(CCCC)CCCC)cc3)ccc2-c2ccc(/C=C/c3ccc(N(c4ccc(/C=C/c5ccc6c(c5)C(CCCCCCCCC)(CCCCCCCCC)c5cc(/C=C/c7ccc(N(CCCC)CCCC)cc7)ccc5-6)cc4)c4ccc(/C=C/c5ccc6c(c5)C(CCCCCCCCC)(CCCCCCCCC)c5cc(/C=C/c7ccc(N(CCCC)CCCC)cc7)ccc5-6)cc4)cc3)cc21,3660
CCCCCCCCCC1(CCCCCCCCC)c2cc(/C=C/c3ccc(N(c4ccc(/C=C/c5ccc6c(c5)C(CCCCCCCCC)(CCCCCCCCC)c5cc(/C=C/c7ccc(S(=O)(=O)C(F)(F)F)cc7)ccc5-6)cc4)c4ccc(/C=C/c5ccc6c(c5)C(CCCCCCCCC)(CCCCCCCCC)c5cc(/C=C/c7ccc(S(=O)(=O)C(F)(F)F)cc7)ccc5-6)cc4)cc3)ccc2-c2ccc(/C=C/c3ccc(S(=O)(=O)C(F)(F)F)cc3)cc21,2080
O=S(=O)(c1ccc(/C=C/c2ccc(N(c3ccc(/C=C/c4ccc(S(=O)(=O)C(F)(F)F)cc4)cc3)c3ccc(/C=C/c4ccc(S(=O)(=O)C(F)(F)F)cc4)cc3)cc2)cc1)C(F)(F)F,1340
O=S(=O)(c1ccc(/C=C/c2ccc(N(c3ccc(/C=C/c4ccc(S(=O)(=O)C(F)(F)C(F)(F)F)cc4)cc3)c3ccc(/C=C/c4ccc(S(=O)(=O)C(F)(F)C(F)(F)F)cc4)cc3)cc2)cc1)C(F)(F)C(F)(F)F,1430
O=S(=O)(c1ccc(/C=C/c2ccc(/C=C/c3ccc(N(c4ccc(/C=C/c5ccc(/C=C/c6ccc(S(=O)(=O)C(F)(F)F)cc6)cc5)cc4)c4ccc(/C=C/c5ccc(/C=C/c6ccc(S(=O)(=O)C(F)(F)F)cc6)cc5)cc4)cc3)cc2)cc1)C(F)(F)F,2070
CCCCCCC1(CCCCCC)c2cc(/C=C/c3ccc(N(c4ccc(/C=C/c5cccc(-c6nnc(-c7ccc(C(C)(C)C)cc7)o6)c5)cc4)c4ccc(/C=C/c5cccc(-c6nnc(-c7ccc(C(C)(C)C)cc7)o6)c5)cc4)cc3)ccc2-c2ccc(/C=C/c3ccc(N(c4ccc(/C=C/c5cccc(-c6nnc(-c7ccc(C(C)(C)C)cc7)o6)c5)cc4)c4ccc(/C=C/c5cccc(-c6nnc(-c7ccc(C(C)(C)C)cc7)o6)c5)cc4)cc3)cc21,447
CCn1c2ccccc2c2ccc(/C=C/c3cc4sc5sc(/C=C/c6cccc(-c7nnc(-c8ccc(C(C)(C)C)cc8)o7)c6)cc5c4s3)cc21,270
C(=C/c1cccc(N(c2ccccc2)c2ccccc2)c1)\c1ccccc1,27
C(=C/c1cccc(-c2nc3ccccc3s2)c1)\c1ccccc1,17
O=[N+]([O-])c1ccc(/C=C/c2cccc(N(c3ccccc3)c3ccccc3)c2)cc1,125
CCS(=O)(=O)c1ccc(/C=C/c2cccc(N(c3ccccc3)c3ccccc3)c2)cc1,37
C(=C/c1cccc(N(c2ccccc2)c2ccccc2)c1)\c1ccc(-c2nc3ccccc3s2)cc1,60
CCCCC1(CCCC)c2ccccc2-c2ccc(/C=C/c3ccc(/C=C/c4ccc5c(c4)C(CCCC)(CCCC)c4cc(N(c6ccccc6)c6ccccc6)ccc4-5)cc3)cc21,94
CCCCC1(CCCC)c2cc(/C=C/c3ccc(/C=C/c4ccc5c(c4)C(CCCC)(CCCC)c4c-5c5c(c6c4-c4ccc(/C=C/c7ccc(/C=C/c8ccc9c(c8)C(CCCC)(CCCC)c8cc(N(c%10ccccc%10)c%10ccccc%10)ccc8-9)cc7)cc4C6(CCCC)CCCC)C(CCCC)(CCCC)c4cc(/C=C/c6ccc(/C=C/c7ccc8c(c7)C(CCCC)(CCCC)c7cc(N(c9ccccc9)c9ccccc9)ccc7-8)cc6)ccc4-5)cc3)ccc2-c2ccc(N(c3ccccc3)c3ccccc3)cc21,603
CCC1(CC)c2cc(-c3nc4ccccc4s3)ccc2-c2ccc(-c3nc4ccccc4s3)cc21,370
CCCCCCCCCCC1(CCCCCCCCCC)c2cc(-c3nc4ccccc4s3)ccc2-c2ccc(-c3nc4ccccc4s3)cc21,420
CC(C)(C)c1ccc(-c2nnc(-c3ccc(C=Cc4ccc(N(c5ccc(/C=C/c6ccc(-c7nnc(-c8ccc(C(C)(C)C)cc8)o7)cc6)cc5)c5ccc(/C=C/c6ccc(-c7nnc(-c8ccc(C(C)(C)C)cc8)o7)cc6)cc5)cc4)cc3)o2)cc1,430
CCCCCCN(CCCCCC)c1ccc(/C=C/c2ccc(/C=C/c3ccc4cc5cc(/C=C/c6ccc(/C=C/c7ccc(N(CCCCCC)CCCCCC)cc7)cc6)ccc5cc4c3)cc2)cc1,1140
CCCCCCN(CCCCCC)c1ccc(/C=C/c2ccc(/C=C/c3ccc4c(OCCC)c5cc(/C=C/c6ccc(/C=C/c7ccc(N(CCCCCC)CCCCCC)cc7)cc6)ccc5c(OCCC)c4c3)cc2)cc1,1810
CCCCCCN(CCCCCC)c1ccc(/C=C/c2cc(OC)c(/C=C/c3ccc4cc5cc(/C=C/c6cc(OC)c(/C=C/c7ccc(N(CCCCCC)CCCCCC)cc7)cc6OC)ccc5cc4c3)cc2OC)cc1,2580
CCCCCCN(CCCCCC)c1ccc(/C=C/c2ccc(/C=C/c3ccc4c(C#N)c5cc(/C=C/c6ccc(/C=C/c7ccc(N(CCCCCC)CCCCCC)cc7)cc6)ccc5c(C#N)c4c3)cc2)cc1,5530
CCCCCCN(CCCCCC)c1ccc(/C=C/c2cc(OC)c(/C=C/c3ccc4c(C#N)c5cc(/C=C/c6cc(OC)c(/C=C/c7ccc(N(CCCCCC)CCCCCC)cc7)cc6OC)ccc5c(C#N)c4c3)cc2OC)cc1,3650
CCCCCCN(CCCCCC)c1ccc(/C=C/c2ccc3cc4cc(/C=C/c5ccc(N(CCCCCC)CCCCCC)cc5)ccc4cc3c2)cc1,1100
CCN(CCO)c1ccc(/N=N/c2ccc([N+](=O)[O-])cc2)cc1,110
O=[N+]([O-])c1ccc(/N=N/c2ccc(N(CCO)CCO)cc2)cc1,110
CCCCCCCCS(=O)(=O)c1ccc(/C=C/c2cccc(N(c3ccccc3)c3ccccc3)c2)cc1,90
CCCCCCCCS(=O)(=O)c1ccc(/C=C/c2ccc(N(c3ccccc3)c3cccc(/C=C/c4ccc(S(=O)(=O)CCCCCCCC)cc4)c3)cc2)cc1,405
CCCCCCCCS(=O)(=O)c1ccc(/C=C/c2ccc(N(c3ccccc3)c3cc(/C=C/c4ccc(S(=O)(=O)CCCCCCCC)cc4)cc(/C=C/c4ccc(S(=O)(=O)CCCCCCCC)cc4)c3)cc2)cc1,1000
C(=C/c1cccc(N(c2ccccc2)c2ccccc2)c1)\c1ccc(N(c2ccc(/C=C/c3cccc(N(c4ccccc4)c4ccccc4)c3)cc2)c2ccc(/C=C/c3cccc(N(c4ccccc4)c4ccccc4)c3)cc2)cc1,1200
C(=C/c1ccc(N(c2ccc(/C=C/c3cccc(N(c4ccccc4)c4ccccc4)c3)cc2)c2cccc(/C=C/c3cccc(N(c4ccccc4)c4ccccc4)c3)c2)cc1)\c1ccc(N(c2ccccc2)c2cccc(/C=C/c3ccc(N(c4ccc(/C=C/c5cccc(N(c6ccccc6)c6ccccc6)c5)cc4)c4cccc(/C=C/c5cccc(N(c6ccccc6)c6ccccc6)c5)c4)cc3)c2)cc1,2600
CCCCC(CC)COc1c2sc3c(sc4c(OCC(CC)CCCC)c5c(sc6c5sc5c(OCC(CC)CCCC)c7c(sc8ccsc87)c(OCC(CC)CCCC)c56)c(OCC(CC)CCCC)c43)c2c(OCC(CC)CCCC)c2sc3ccsc3c12,64
CCCCC(CC)COc1c2sc3c(sc4c(OCC(CC)CCCC)c5c(sc6c5sc5c(OCC(CC)CCCC)c7c(sc8ccsc87)c(OCC(CC)CCCC)c56)c(OCC(CC)CCCC)c43)c2c(OCC(CC)CCCC)c2c1sc1c(OCC(CC)CCCC)c3c(sc4c3sc3c(OCC(CC)CCCC)c5c(sc6ccsc65)c(OCC(CC)CCCC)c34)c(OCC(CC)CCCC)c12,72
CCN(CC)c1ccc2c(c1)O[B-](C)(C)[N+](c1ccc([N+]3=Cc4ccc(N(CC)CC)cc4O[B-]3(C)C)cc1)=C2,840
CCN(CC)c1ccc2c(c1)O[B-](C)(C)[N+](c1cccc([N+]3=Cc4ccc(N(CC)CC)cc4O[B-]3(C)C)c1)=C2,6.7
CCCCc1ccc(N(c2ccc(/C=C/c3ccc4cc5cc(/C=C/c6ccc(N(c7ccc(CCCC)cc7)c7ccc(CCCC)cc7)cc6)ccc5cc4c3)cc2)c2ccc(CCCC)cc2)cc1,1340
CCCCCCN(CCCCCC)c1ccc(/C=C/c2ccc3c(-c4ccccc4)c4cc(/C=C/c5ccc(N(CCCCCC)CCCCCC)cc5)ccc4c(-c4ccccc4)c3c2)cc1,730
CCCCc1ccc(N(c2ccc(/C=C/c3ccc4c(-c5ccccc5)c5cc(/C=C/c6ccc(N(c7ccc(CCCC)cc7)c7ccc(CCCC)cc7)cc6)ccc5c(-c5ccccc5)c4c3)cc2)c2ccc(CCCC)cc2)cc1,700
C(=C/c1ccc2c(-c3ccccc3)c3cc(/C=C/c4ccc(N(c5ccccc5)c5ccccc5)cc4)ccc3c(-c3ccccc3)c2c1)\c1ccc(N(c2ccccc2)c2ccccc2)cc1,720
N#Cc1ccc(-c2c3ccc(/C=C/c4ccc(N(c5ccccc5)c5ccccc5)cc4)cc3c(-c3ccc(C#N)cc3)c3ccc(/C=C/c4ccc(N(c5ccccc5)c5ccccc5)cc4)cc23)cc1,1760
CCCCCCN(CCCCCC)c1ccc(/C=C/c2ccc3c(-c4ccc(C#N)cc4)c4cc(/C=C/c5ccc(N(CCCCCC)CCCCCC)cc5)ccc4c(-c4ccc(C#N)cc4)c3c2)cc1,1550
CCCCCCN(CCCCCC)c1ccc(/C=C/c2ccc3c(C#N)c4cc(/C=C/c5ccc(N(CCCCCC)CCCCCC)cc5)ccc4c(C#N)c3c2)cc1,2250
CCCCc1ccc(N(c2ccc(/C=C/c3ccc4c(C#N)c5cc(/C=C/c6ccc(N(c7ccc(CCCC)cc7)c7ccc(CCCC)cc7)cc6)ccc5c(C#N)c4c3)cc2)c2ccc(CCCC)cc2)cc1,2490
CCCCc1ccc(N(c2ccc(/C=C/c3ccc4c(C#N)c5ccc(/C=C/c6ccc(N(c7ccc(CCCC)cc7)c7ccc(CCCC)cc7)cc6)cc5c(C#N)c4c3)cc2)c2ccc(CCCC)cc2)cc1,640
CCCCCCCCOC(OCCCCCCCC)(OCCCCCCCC)c1ccc(-c2nnc(-c3ccc(/N=N\c4ccc(OC)cc4)cc3)o2)cc1,28
C(=C/c1ccc(N(c2ccc(/C=C/c3ccc(N(c4ccccc4)c4ccccc4)cc3)cc2)c2ccc(/C=C/c3ccc(N(c4ccccc4)c4ccccc4)cc3)cc2)cc1)\c1ccc(/C=C/c2ccc(N(c3ccc(/C=C/c4ccc(N(c5ccccc5)c5ccccc5)cc4)cc3)c3ccc(/C=C/c4ccc(N(c5ccccc5)c5ccccc5)cc4)cc3)cc2)cc1,3000
C(=C\c1ccc(N(c2ccc(/C=C/c3ccc(N(c4ccc(/C=C/c5ccc(N(c6ccccc6)c6ccccc6)cc5)cc4)c4ccc(/C=C/c5ccc(N(c6ccccc6)c6ccccc6)cc5)cc4)cc3)cc2)c2cccc(/C=C/c3ccc(N(c4ccc(/C=C/c5ccc(N(c6ccccc6)c6ccccc6)cc5)cc4)c4ccc(/C=C/c5ccc(N(c6ccccc6)c6ccccc6)cc5)cc4)cc3)c2)cc1)\c1ccc(/C=C/c2ccc(N(c3ccc(/C=C/c4ccc(N(c5ccc(/C=C/c6ccc(N(c7ccccc7)c7ccccc7)cc6)cc5)c5ccc(/C=C/c6ccc(N(c7ccccc7)c7ccccc7)cc6)cc5)cc4)cc3)c3cccc(/C=C/c4ccc(N(c5ccc(/C=C/c6ccc(N(c7ccccc7)c7ccccc7)cc6)cc5)c5ccc(/C=C/c6ccc(N(c7ccccc7)c7ccccc7)cc6)cc5)cc4)c3)cc2)cc1,5600
O=C(O)CCCCCOc1ccc(/C=C/c2ccc(N(c3ccccc3)c3ccccc3)cc2)cc1,130
COc1cc(/C=C/c2ccc(N(c3ccccc3)c3ccccc3)cc2)cc(OC)c1OCCCCCC(=O)O,100
COc1cc(-c2ccc(/C=C/c3ccc(N(c4ccccc4)c4ccccc4)cc3)cc2)c(OC)cc1/C=C/c1cc(OC)c(CCCCCCC(=O)O)c(OC)c1,450
O=c1c2ccccc2sc2c1ccc1cc3ccccc3cc12,100
O=c1c2ccccc2sc2ccccc12,3
CCCCCCC1(CCCCCC)c2cc(C(=C(c3ccc4c(c3)C(CCCCCC)(CCCCCC)c3cc(N(c5ccccc5)c5ccccc5)ccc3-4)c3ccc4c(c3)C(CCCCCC)(CCCCCC)c3cc(N(c5ccccc5)c5ccccc5)ccc3-4)c3ccc4c(c3)C(CCCCCC)(CCCCCC)c3cc(N(c5ccccc5)c5ccccc5)ccc3-4)ccc2-c2ccc(N(c3ccccc3)c3ccccc3)cc21,400
CCCCCCC1(CCCCCC)c2ccccc2-c2ccc(C(=C(c3ccc4c(c3)C(CCCCCC)(CCCCCC)c3ccccc3-4)c3ccc4c(c3)C(CCCCCC)(CCCCCC)c3ccccc3-4)c3ccc4c(c3)C(CCCCCC)(CCCCCC)c3ccccc3-4)cc21,1.5
CCCCN1C(=O)/C(=C/c2ccc(-c3ccc(N(c4ccccc4)c4ccccc4)cc3)cc2)N=C1C,150
CCCCCCn1c2ccc(/C=C/c3ccc(N(c4ccc(CCCC)cc4)c4ccc(CCCC)cc4)cc3)cc2c2ccc(/C=C/c3ccc(N(c4ccc(CCCC)cc4)c4ccc(CCCC)cc4)cc3)cc21,620
CCCCCCCCCCCC(CCCCCCCCCCC)N1C(=O)c2ccc3c4ccc5c6c(ccc(c7ccc(c2c37)C1=O)c64)C(=O)N(C(CCCCCCCCCCC)CCCCCCCCCCC)C5=O,85
CCCCCCCCCCCC(CCCCCCCCCCC)N1C(=O)c2ccc3c4ccc5c6c(ccc(c7ccc(c2c37)C1=O)c64)C(=O)N(c1ccc(-n2c3ccc(/C=C/c4ccc(N(c6ccc(CCCC)cc6)c6ccc(CCCC)cc6)cc4)cc3c3ccc(/C=C/c4ccc(N(c6ccc(CCCC)cc6)c6ccc(CCCC)cc6)cc4)cc32)cc1)C5=O,1080
CCCCCCCCCCCC(CCCCCCCCCCC)N1C(=O)c2ccc3c4ccc5c6c(ccc(c7ccc(c2c37)C1=O)c64)C(=O)N(CCCCCCn1c2ccc(/C=C/c3ccc(N(c4ccc(CCCC)cc4)c4ccc(CCCC)cc4)cc3)cc2c2ccc(/C=C/c3ccc(N(c4ccc(CCCC)cc4)c4ccc(CCCC)cc4)cc3)cc21)C5=O,900
CCN(CC)CCCOc1cc(C#Cc2ccc(C(=O)OC)cc2)c(OCCN(CC)CC)cc1C#Cc1ccc(C(=O)OC)cc1,745
CC[NH+](CC)CCCOc1cc(C#Cc2ccc(C(=O)[O-])cc2)c(OCC[NH+](CC)CC)cc1C#Cc1ccc(C(=O)[O-])cc1,3260
CC(C)c1cccc(C(C)C)c1N1C(=O)c2cc(Oc3ccc(C#Cc4ccccc4)cc3)c3c4c(Oc5ccc(C#Cc6ccccc6)cc5)cc5c6c(cc(Oc7ccc(C#Cc8ccccc8)cc7)c(c7c(Oc8ccc(C#Cc9ccccc9)cc8)cc(c2c37)C1=O)c64)C(=O)N(c1c(C(C)C)cccc1C(C)C)C5=O,1500
CCCCN1/C(=C/C2=C([O-])/C(=C\C3=[N+](CCCC)c4ccccc4C3(C)C)C2=O)C(C)(C)c2ccccc21,5000
CCCCN1/C(=C\C=C\C=C\C2=[N+](CCCC)c3ccc4ccccc4c3C2(C)C)C(C)(C)c2ccc3ccccc3c21.Cc1ccc(S(=O)(=O)[O-])cc1,1200
CCCCOc1c(/C=C/C2=[N+](COCCOCCOC)/C(=C3\C(=O)C(c4ccc(/C=C/c5sc(/C=C/c6ccc(N(CCCC)CCCC)cc6)c(OCCCC)c5OCCCC)n4COCCOCCOC)=C3[O-])C=C2)sc(/C=C/c2ccc(N(CCCC)CCCC)cc2)c1OCCCC,18000
CCCCCCn1c(/C=C/C2=[N+](COCCOCCOC)/C(=C3\C(=O)C(c4ccc(/C=C/c5ccc(/C=C/c6ccc(N(CCCC)CCCC)cc6)n5CCCCCC)n4COCCOCCOC)=C3[O-])C=C2)ccc1/C=C/c1ccc(N(CCCC)CCCC)cc1,33000
COCCOCCOCn1c(/C=N/N(c2ccccc2)c2ccccc2)ccc1C1=C([O-])/C(=C2\C=CC(/C=N/N(c3ccccc3)c3ccccc3)=[N+]2COCCOCCOC)C1=O,10000
CCCCCCCCCCC1(CCCCCCCCCC)c2cc(-c3nc4ccccc4s3)ccc2-c2ccc(N3C(=O)c4ccc5c6ccc7c8c(ccc(c9ccc(c4c59)C3=O)c86)C(=O)N(c3ccc4c(c3)C(CCCCCCCCCC)(CCCCCCCCCC)c3cc(-c5nc6ccccc6s5)ccc3-4)C7=O)cc21,2400
CCCCCCCCCCC1(CCCCCCCCCC)c2cc(N3C(=O)c4ccc5c6ccc7c8c(ccc(c9ccc(c4c59)C3=O)c86)C(=O)N(c3ccc4c(c3)C(CCCCCCCCCC)(CCCCCCCCCC)c3cc(N(c5ccccc5)c5ccccc5)ccc3-4)C7=O)ccc2-c2ccc(N(c3ccccc3)c3ccccc3)cc21,3500
CCCCC1(CCCC)c2cc(-c3cccc(-c4nnc(-c5ccc(C(C)(C)C)cc5)n4-c4ccccc4)c3)ccc2-c2ccc(-c3ccc4c(c3)C(CCCC)(CCCC)c3cc(N(c5ccccc5)c5ccccc5)ccc3-4)cc21,45
CCCCC1(CCCC)c2cc(-c3ccc(-c4nnc(-c5ccc(C(C)(C)C)cc5)n4-c4ccccc4)cc3)ccc2-c2ccc(-c3ccc4c(c3)C(CCCC)(CCCC)c3cc(-c5ccc6c(c5)C(CCCC)(CCCC)c5cc(N(c7ccccc7)c7ccccc7)ccc5-6)ccc3-4)cc21,57
CCCCCCCCCCC1(CCCCCCCCCC)c2cc(-c3ccc(-c4nc5ccccc5s4)s3)ccc2-c2ccc(N(c3ccccc3)c3ccccc3)cc21,248
C#Cc1ccc(NS(=O)(=O)c2cccc3c(N(C)C)cccc23)cc1,92
CN(C)c1ccc(/C=C/c2cc(/C=C/c3ccc(N(C)C)cc3)nc(-n3cccn3)n2)cc1,742
CN(C)c1ccc(/C=C/c2cc(/C=C/c3ccc(N(C)C)cc3)nc(-n3ccnc3)n2)cc1,1879
CCCCCCCCCCCC(=O)c1ccc2cc(N(C)C)ccc2c1,60
CCCCCCCCCCCC(=O)c1ccc2cc(N(C)CC(=O)O)ccc2c1,150
CCCCCCCCCC(=O)/C=C/c1ccc2cc(N(C)CC(=O)O)ccc2c1,250
CC(=O)c1ccc2cc(N(C)CC(=O)NCCCN(C)C)ccc2c1,122
c1ccc(N(c2ccccc2)c2ccc(-c3cc(-c4ccccn4)nc(-c4ccccn4)c3)cc2)cc1,434
O=[N+]([O-])c1ccc(N(c2ccccc2)c2ccc(-c3cc(-c4ccccn4)nc(-c4ccccn4)c3)cc2)cc1,415
CCOc1ccc(N(c2ccc(-c3cc(-c4ccccn4)nc(-c4ccccn4)c3)cc2)c2ccc([N+](=O)[O-])cc2)cc1,462
COC(=O)c1ccc(N(c2ccc(C(=O)OC)cc2)c2ccc(-c3cc(-c4ccccn4)nc(-c4ccccn4)c3)cc2)cc1,179
CCOc1ccc(N(c2ccc(OCC)cc2)c2ccc(-c3cc(-c4ccccn4)nc(-c4ccccn4)c3)cc2)cc1,70
Nc1ccc(N(c2ccccc2)c2ccc(-c3cc(-c4ccccn4)nc(-c4ccccn4)c3)cc2)cc1,295
CCOc1ccc(N(c2ccc(N)cc2)c2ccc(-c3cc(-c4ccccn4)nc(-c4ccccn4)c3)cc2)cc1,308
CCOC(=O)/C(C#N)=C/c1ccc(N(c2ccccc2)c2ccc(-c3cc(-c4ccccn4)nc(-c4ccccn4)c3)cc2)cc1,7938
C(=C/c1cc(-c2ccccn2)nc(-c2ccccn2)c1)\c1ccc(-c2ccc(N(c3ccccc3)c3ccccc3)cc2)cc1,2869
COC(=O)c1ccc(N(c2ccc(C(=O)OC)cc2)c2ccc(-c3ccc(/C=C/c4cc(-c5ccccn5)nc(-c5ccccn5)c4)cc3)cc2)cc1,1019
CCOc1ccc(N(c2ccc(OCC)cc2)c2ccc(-c3ccc(/C=C/c4ccc(N)cc4)cc3)cc2)cc1,327
CCOc1ccc(N(c2ccc(OCC)cc2)c2ccc(-c3ccc(/C=C(\C#N)c4ccc(N)cc4)cc3)cc2)cc1,394
CCOC(=O)/C(C#N)=C1\C=C(/C=C/c2ccc(N(c3ccccc3)c3ccc(C=O)cc3)cc2)CC(C)(C)C1,660
CC1(C)CC(/C=C/c2ccc(N(c3ccccc3)c3ccc(C=O)cc3)cc2)=CC(=C(C#N)C#N)C1,999
CCOC(=O)/C(C#N)=C1\C=C(/C=C/c2ccc(N(c3ccccc3)c3ccc(/C=C/C4=C/C(=C(/C#N)C(=O)OCC)CC(C)(C)C4)cc3)cc2)CC(C)(C)C1,1830
CCOC(=O)/C(C#N)=C1\C=C(/C=C/c2ccc(N(c3ccc(/C=C/C4=C/C(=C(/C#N)C(=O)OCC)CC(C)(C)C4)cc3)c3ccc(/C=C/C4=C/C(=C(/C#N)C(=O)OCC)CC(C)(C)C4)cc3)cc2)CC(C)(C)C1,5382
CCOc1ccc(N(c2ccc(OCC)cc2)c2ccc(-c3nc4cc(-c5ccc6nc(-c7ccc(N(c8ccc(OCC)cc8)c8ccc(OCC)cc8)cc7)[nH]c6c5)ccc4[nH]3)cc2)cc1,220
c1ccc(N(c2ccccc2)c2ccc(-c3nc4cc(-c5ccc6nc(-c7ccc(N(c8ccccc8)c8ccccc8)cc7)[nH]c6c5)ccc4[nH]3)cc2)cc1,777
C(=C/c1cccnc1)\c1ccc(N(c2ccc(/C=C/c3cccnc3)cc2)c2ccc(/C=C/c3cccnc3)cc2)cc1,595
CCCCOC(=O)/C=C/c1ccc(N(c2ccc(/C=C/C(=O)OCCCC)cc2)c2ccc(/C=C/C(=O)OCCCC)cc2)cc1,392
COC(=O)/C=C/c1ccc(N(c2ccc(/C=C/C(=O)OC)cc2)c2ccc(/C=C/C(=O)OC)cc2)cc1,287
O=C(O)/C=C/c1ccc(N(c2ccc(/C=C/C(=O)O)cc2)c2ccc(/C=C/C(=O)O)cc2)cc1,190
CCOc1ccc(N(c2ccc(/C=C/c3ccc(Nc4nc(Nc5ccc(/C=C/c6ccc(N(c7ccc(OCC)cc7)c7ccc(OCC)cc7)cc6)cc5)nc(Nc5ccc(/C=C/c6ccc(N(c7ccc(OCC)cc7)c7ccc(OCC)cc7)cc6)cc5)n4)cc3)cc2)c2ccc(OCC)cc2)cc1,1100
CC(C)CCCC(C)CCN1/C(=C/C2=C([O-])/C(=C\C3=[N+](CCC(C)CCCC(C)C)c4ccc(-c5ccc6c(c5)C(C)(C)/C(=C\C5=C([O-])/C(=C\C7=[N+](CCC(C)CCCC(C)C)c8ccccc8C7(C)C)C5=O)N6CCC(C)CCCC(C)C)cc4C3(C)C)C2=O)C(C)(C)c2ccccc21,5600
CC(C)CCCC(C)CCN1/C(=C/C2=C([O-])/C(=C\C3=[N+](CCC(C)CCCC(C)C)c4ccc(C#Cc5ccc6c(c5)C(C)(C)/C(=C\C5=C([O-])/C(=C\C7=[N+](CCC(C)CCCC(C)C)c8ccccc8C7(C)C)C5=O)N6CCC(C)CCCC(C)C)cc4C3(C)C)C2=O)C(C)(C)c2ccccc21,4660
CC(C)CCCC(C)CCN1/C(=C/C2=C([O-])/C(=C\C3=[N+](CCC(C)CCCC(C)C)c4ccc(C#CC#Cc5ccc6c(c5)C(C)(C)/C(=C\C5=C([O-])/C(=C\C7=[N+](CCC(C)CCCC(C)C)c8ccccc8C7(C)C)C5=O)N6CCC(C)CCCC(C)C)cc4C3(C)C)C2=O)C(C)(C)c2ccccc21,4330
CC(C)CCCC(C)CCN1/C(=C/C2=C([O-])/C(=C\C3=[N+](CCC(C)CCCC(C)C)c4ccc(-c5ccc(-c6ccc7c(c6)C(C)(C)/C(=C\C6=C([O-])/C(=C\C8=[N+](CCC(C)CCCC(C)C)c9ccccc9C8(C)C)C6=O)N7CCC(C)CCCC(C)C)cc5)cc4C3(C)C)C2=O)C(C)(C)c2ccccc21,2670
CC(C)CCCC(C)CCN1/C(=C/C2=C([O-])/C(=C\C3=[N+](CCC(C)CCCC(C)C)c4ccc(-c5ccc(C#Cc6ccc(-c7ccc8c(c7)C(C)(C)/C(=C\C7=C([O-])/C(=C\C9=[N+](CCC(C)CCCC(C)C)c%10ccccc%10C9(C)C)C7=O)N8CCC(C)CCCC(C)C)cc6)cc5)cc4C3(C)C)C2=O)C(C)(C)c2ccccc21,1530
CC(C)CCCC(C)CCN1/C(=C/C2=C([O-])/C(=C\C3=[N+](CCC(C)CCCC(C)C)c4cc5c(cc4C3(C)C)C(C)(C)c3cc4c(cc3C5(C)C)C(C)(C)C(/C=C3/C(=O)C(/C=C5/N(CCC(C)CCCC(C)C)c6ccccc6C5(C)C)=C3[O-])=[N+]4CCC(C)CCCC(C)C)C2=O)C(C)(C)c2ccccc21,375
CC(C)(C)c1cc2c3cc(C(C)(C)C)cc4c5cc(C(C)(C)C)cc6c5c5c(c34)c3c2c(c1)c1cc(C(C)(C)C)cc2c4cc(C(C)(C)C)cc7c4c(c3c12)c5c1c6c2c3cccc4c(=O)c5cccc6c5c5c(c43)c3c2c(c2cc(C(C)(C)C)cc4c8cc(C(C)(C)C)cc9c8c(c3c42)c5c2c6c3c4cc(C(C)(C)C)cc5c6cc(C(C)(C)C)cc8c%10cc(C(C)(C)C)cc%11c%12cc(C(C)(C)C)cc%13c%14cc(C(C)(C)C)cc%15c%14c%14c(c%12%13)c(c%10%11)c(c86)c(c54)c%14c3c%15c92)c71,700
C=C1c2cccc3c2c2c4c5c1cccc5c1c5c6cc(C(C)(C)C)cc7c8cc(C(C)(C)C)cc9c%10cc(C(C)(C)C)cc%11c%12cc(C(C)(C)C)cc%13c%14cc(C(C)(C)C)cc%15c%14c%14c(c%12%13)c(c%10%11)c(c98)c(c76)c%14c5c%15c5c6cc(C(C)(C)C)cc7c8cc(C(C)(C)C)cc9c8c(c(c76)c4c15)c2c1c3c2c3cc(C(C)(C)C)cc4c5cc(C(C)(C)C)cc6c7cc(C(C)(C)C)cc8c%10cc(C(C)(C)C)cc%11c%12cc(C(C)(C)C)cc%13c%12c%12c(c%10%11)c(c78)c(c65)c(c43)c%12c2c%13c91,340
CC(C)(C)c1cc2c3cc(C(C)(C)C)cc4c5cc(C(C)(C)C)cc6c5c5c(c34)c3c2c(c1)c1cc(C(C)(C)C)cc2c4cc(C(C)(C)C)cc7c4c(c3c12)c5c1c6c2c3cc(C(C)(C)C)cc4c5cc(C(C)(C)C)cc6c5c5c(c43)c3c2c(c2cc(C(C)(C)C)cc4c8cc(C(C)(C)C)cc9c8c(c3c42)c5c2c6c3c4cc(C(C)(C)C)cc5c6cc(C(C)(C)C)cc8c%10cc(C(C)(C)C)cc%11c%12cc(C(C)(C)C)cc%13c%14cc(C(C)(C)C)cc%15c%14c%14c(c%12%13)c(c%10%11)c(c86)c(c54)c%14c3c%15c92)c71,315
CCCCCCCCN1c2ccc(C#Cc3ccc(C#Cc4ccc(N(c5ccccc5)c5ccccc5)cc4)c4nsnc34)cc2Sc2cc(C#Cc3ccc(C#Cc4ccc(N(c5ccccc5)c5ccccc5)cc4)c4nsnc34)ccc21,880
CCCCCCCCN1c2ccc(C#Cc3ccc(C#Cc4ccc(-n5c6ccccc6c6ccccc65)cc4)c4nsnc34)cc2Sc2cc(C#Cc3ccc(C#Cc4ccc(-n5c6ccccc6c6ccccc65)cc4)c4nsnc34)ccc21,750
CCCCCCCCN1c2ccc(C#Cc3ccc(-n4c5ccccc5c5ccccc54)c4nsnc34)cc2Sc2cc(C#Cc3ccc(-n4c5ccccc5c5ccccc54)c4nsnc34)ccc21,300
CCCCCCCCN1c2ccccc2Sc2cc(/C=C/c3ccc(C(c4ccc(/C=C/c5ccc6c(c5)Sc5ccccc5N6CCCCCCCC)cc4)(c4ccc(/C=C/c5ccc6c(c5)Sc5ccccc5N6CCCCCCCC)cc4)c4ccc(/C=C/c5ccc6c(c5)Sc5ccccc5N6CCCCCCCC)cc4)cc3)ccc21,89
c1ccc(N(c2ccccc2)c2ccc(-c3c4ccccc4c(-c4ccc(N(c5ccccc5)c5ccccc5)cc4)c4ccccc34)cc2)cc1,58
c1ccc(N(c2ccccc2)c2ccc(-c3ccc(-c4ccc(N(c5ccccc5)c5ccccc5)cc4)c4ccccc34)cc2)cc1,15
c1ccc(N(c2ccccc2)c2ccc(-c3ccc(-c4ccc(N(c5ccccc5)c5ccccc5)s4)s3)s2)cc1,160
c1ccc(N(c2ccccc2)c2ccc(-c3sc(-c4ccc(N(c5ccccc5)c5ccccc5)cc4)c4ccccc34)cc2)cc1,320
c1ccc(N(c2ccccc2)c2ccc(-c3sc(-c4ccc(N(c5ccccc5)c5ccccc5)s4)c4ccccc34)s2)cc1,400
CCC1=C(C)C2=C(c3ccccc3)C3=C(C)C(CC)=C(C)C3[B-](F)(F)[N+]2=C1C,30
CCC1=C(C)C2=C(c3ccc(N(c4ccccc4)c4ccccc4)cc3)C3=C(C)C(CC)=C(C)C3[B-](F)(F)[N+]2=C1C,80
CCC1=C(C)C2=C(c3ccccc3Oc3ccccc3C3=C4C(C)=C(CC)C(C)=[N+]4[B-](F)(F)C4C(C)=C(CC)C(C)=C34)C3=C(C)C(CC)=C(C)C3[B-](F)(F)[N+]2=C1C,70
CCCCC1(CCCC)c2cc(C3=C4C(C)=C(CC)C(C)=[N+]4[B-](F)(F)C4C(C)=C(CC)C(C)=C34)ccc2-c2c1c1c(c3c2C(CCCC)(CCCC)c2cc(C4=C5C(C)=C(CC)C(C)=[N+]5[B-](F)(F)C5C(C)=C(CC)C(C)=C45)ccc2-3)C(CCCC)(CCCC)c2cc(C3=C4C(C)=C(CC)C(C)=[N+]4[B-](F)(F)C4C(C)=C(CC)C(C)=C34)ccc2-1,160
CCC1=C(C)C2=C(c3ccc(C(c4ccc(C5=C6C(C)=C(CC)C(C)=[N+]6[B-](F)(F)C6C(C)=C(CC)C(C)=C56)cc4)(c4ccc(C5=C6C(C)=C(CC)C(C)=[N+]6[B-](F)(F)C6C(C)=C(CC)C(C)=C56)cc4)c4ccc(C5=C6C(C)=C(CC)C(C)=[N+]6[B-](F)(F)C6C(C)=C(CC)C(C)=C56)cc4)cc3)C3=C(C)C(CC)=C(C)C3[B-](F)(F)[N+]2=C1C,70
CCCCCCCCCCCc1c2c(=O)n3c(/C=C/c4ccc(C#N)cc4)ccc3c(CCCCCCCCCCC)c2c(=O)n2c(/C=C/c3ccc(C#N)cc3)ccc12,4800
CCCCCCCCCCCc1c2c(=O)n3c(/C=C/c4ccc([N+](=O)[O-])cc4)ccc3c(CCCCCCCCCCC)c2c(=O)n2c(/C=C/c3ccc([N+](=O)[O-])cc3)ccc12,4200
CCCCCCCCCCCc1c2c(=O)n3c(/C=C/c4cccc(OC)c4)ccc3c(CCCCCCCCCCC)c2c(=O)n2c(/C=C/c3cccc(OC)c3)ccc12,2900
CCCCCCCc1c2c(=O)n3c(C#Cc4ccc([N+](=O)[O-])cc4)ccc3c(CCCCCCC)c2c(=O)n2c(C#Cc3ccc([N+](=O)[O-])cc3)ccc12,2550
CCCCCCCc1c2c(=O)n3c(C#Cc4ccc(OC)cc4)ccc3c(CCCCCCC)c2c(=O)n2c(C#Cc3ccc(OC)cc3)ccc12,600
CCCCCCCc1c2c(=O)n3c(C#Cc4ccc(N(C)C)cc4)ccc3c(CCCCCCC)c2c(=O)n2c(C#Cc3ccc(N(C)C)cc3)ccc12,2000
CN(C)c1ccc(C2=Cc3cccc[n+]3[B-](F)(F)O2)cc1,32
CN(C)c1ccc(C2=Nc3cccc[n+]3[B-](F)(F)O2)cc1,45
CN(C)c1ccc(/C=C/C2=Cc3cccc[n+]3[B-](F)(F)O2)cc1,110
N#C/C(=C\c1ccc(-c2ccc(N(c3ccccc3)c3ccccc3)cc2)s1)c1ccc(-c2ccc(N(c3ccccc3)c3ccccc3)cc2)s1,510
N#C/C(=C\c1ccc(-c2ccc(N(c3ccccc3)c3ccccc3)cc2)s1)c1cc(C(F)(F)F)cc(C(F)(F)F)c1,360
COCCOCCOc1ccc(/C=C/c2sc3ccccc3[n+]2CCCS(=O)(=O)[O-])cc1,65
COCOCCOCCOc1ccc(/C=C/c2sc3ccccc3[n+]2CCCS(=O)(=O)[O-])cc1,50
CCOc1cc(/C=C/c2sc3ccccc3[n+]2CCCS(=O)(=O)[O-])ccc1OCCOCCOC,550
FS(F)(F)(F)(F)c1ccc(/C=C/c2ccc(N(c3ccccc3)c3ccc(/C=C/c4ccc(S(F)(F)(F)(F)F)cc4)cc3)cc2)cc1,1100
FS(F)(F)(F)(F)c1ccc(/C=C/c2ccc(N(c3ccc(/C=C/c4ccc(S(F)(F)(F)(F)F)cc4)cc3)c3ccc(/C=C/c4ccc(S(F)(F)(F)(F)F)cc4)cc3)cc2)cc1,2200
FS(F)(F)(F)(F)c1ccc(/C=C/c2ccc(N(c3ccc(/C=C/c4ccc(N(c5ccccc5)c5ccccc5)cc4)cc3)c3ccc(/C=C/c4ccc(S(F)(F)(F)(F)F)cc4)cc3)cc2)cc1,1700
Cn1c2ccccc2c2ccc(/C=C/c3ccc(N(c4ccc(/C=C/c5ccc(S(F)(F)(F)(F)F)cc5)cc4)c4ccc(/C=C/c5ccc(S(F)(F)(F)(F)F)cc5)cc4)cc3)cc21,1550
CN1c2ccccc2Sc2cc(/C=C/c3ccc(N(c4ccc(/C=C/c5ccc(S(F)(F)(F)(F)F)cc5)cc4)c4ccc(/C=C/c5ccc(S(F)(F)(F)(F)F)cc5)cc4)cc3)ccc21,1500
C=C(C)C(=O)Nc1nc(-c2ccc(Br)cc2)c(/N=N/c2ccccc2)s1,22
C=C(C)C(=O)Nc1nc(-c2ccccc2)c(/N=N/c2ccccc2)s1,23
C=C(C)C(=O)Nc1nc(-c2ccc(C)cc2)c(/N=N/c2ccccc2)s1,12
C=C(C)C(=O)Nc1nc(-c2ccc(OC)cc2)c(/N=N/c2ccccc2)s1,35
CCN(CC)c1ccc(/C=C/C(=O)c2cc3ccc(OCCOCCOCCOC)cc3oc2=O)cc1,250
CCN(COCCOCCOCCOC)c1ccc(/C=C/C(=O)c2cc3ccc(OCCOCCOCCOC)cc3oc2=O)cc1,400
COCCOCCOCCOCN(COCCOCCOCCOC)c1ccc(/C=C/C(=O)c2cc3ccc(OCCOCCOCCOC)cc3oc2=O)cc1,370
CCN(CC)c1ccc2cc(C(=O)/C=C/c3ccc(N(CC)COCCOCCOCCOC)cc3)c(=O)oc2c1,1600
CCN(CC)c1ccc2cc(C(=O)/C=C/c3ccc(N(COCCOCCOCCOC)COCCOCCOCCOC)cc3)c(=O)oc2c1,1600
CCC1c2ccc(N(c3ccccc3)c3ccccc3)cc2-c2ccc(C=C(C#N)C#N)cc21,390
CCC1c2ccc(N(c3ccccc3)c3ccccc3)cc2-c2ccc(/C=C3\OC(=O)C(C#N)=C3c3ccccc3)cc21,850
CCC1c2ccc(N(c3ccccc3)c3ccccc3)cc2-c2ccc(/C=C/c3cc[n+](C)cc3)cc21,380
CCC1c2ccc(N(c3ccccc3)c3ccccc3)cc2-c2ccc(/C=C/C3=CC(=C(C#N)C#N)CC(C)(C)C3)cc21,550
COC(=O)COc1ccc(C2=C3C(C)=CC(C)=[N+]3[B-](F)(F)n3c(C)cc(C)c32)cc1,40
CCC1=C(C)C2=C(c3ccc(OCC(=O)OC)cc3)c3c(C)c(CC)c(C)n3[B-](F)(F)[N+]2=C1C,100
COC(=O)COc1ccc(C2=C3C(C)=CC(C)=[N+]3[B-](F)(F)n3c(C)cc(C)c32)c2ccccc12,74
CCC1=C(C)C2=C(c3ccc(OCC(=O)OC)c4ccccc34)c3c(C)c(CC)c(C)n3[B-](F)(F)[N+]2=C1C,115
O=C1/C(=C/c2ccc(N(c3ccccc3)c3ccccc3)cc2)CC/C1=C\c1ccc(N(c2ccccc2)c2ccccc2)cc1,780
O=C(/C=C/c1ccc(N(c2ccccc2)c2ccccc2)cc1)/C=C/c1ccc(N(c2ccccc2)c2ccccc2)cc1,1000
O=C(O)C(CS)Nc1ccc(S(=O)(=O)N2CCNCC2)c2nonc12,18
COc1ccc2c(ccc3cc(C(=O)N4CCN(S(=O)(=O)c5ccc(Cl)c6nonc56)CC4)c(=O)oc32)c1,50
COc1ccc2c(ccc3cc(C(=O)N4CCN(S(=O)(=O)c5ccc(NC(CS)C(=O)O)c6nonc56)CC4)c(=O)oc32)c1,48
C(=C/c1cc(/C=C/c2ccc(N(c3ccccc3)c3ccccc3)cc2)cc(/C=C/c2ccc(N(c3ccccc3)c3ccccc3)cc2)c1)\c1ccc(N(c2ccccc2)c2ccccc2)cc1,520
COc1cc(/C=C/c2ccc(C3OCCO3)cc2)c(OC)cc1/C=C/c1ccc(C2OCCO2)cc1,93
COc1cc(/C=C/c2ccc(C=O)cc2)c(OC)cc1/C=C/c1ccc(C=O)cc1,2400
COc1ccc(N(c2ccccc2)c2ccc(C#Cc3ccc(/C(=C(/c4ccccc4)c4ccc(C#Cc5ccc(N(c6ccccc6)c6ccc(OC)cc6)cc5)cc4)c4ccccc4)cc3)cc2)cc1,180
COc1ccc(N(c2ccccc2)c2ccc(C#Cc3ccc(/C(=C(\c4ccccc4)c4ccc(C#Cc5ccc(N(c6ccccc6)c6ccc(OC)cc6)cc5)cc4)c4ccccc4)cc3)cc2)cc1,220
CCCCN(CCCC)c1ccc(C#CC(=O)C#Cc2ccc(N(CCCC)CCCC)cc2)cc1,238
O=C(C#Cc1ccc(N(c2ccccc2)c2ccccc2)cc1)C#Cc1ccc(N(c2ccccc2)c2ccccc2)cc1,256
CN(C)c1ccc(C#CC(=O)C#Cc2ccc(N(C)C)cc2)cc1,261
CN(C)c1ccc(C#Cc2cccc(C#Cc3ccc(N(C)C)cc3)n2)cc1,23
CN1/C(=C/C=C2C(=O)C(=C/C=C3/N(C)c4ccccc4C3(C)C)C(=O)C(=C/C=C3/N(C)c4ccccc4C3(C)C)C2=O)C(C)(C)c2ccccc21,1200
CC(C)(C)C1=CC(=CC=C2C(=O)C(=CC=C3C=C(C(C)(C)C)OC(C(C)(C)C)=C3)C(=O)C(=CC=C3C=C(C(C)(C)C)OC(C(C)(C)C)=C3)C2=O)C=C(C(C)(C)C)O1,1300
CC(C)(C)N1/C(=C/C=C2C(=O)C(=C/C=C3\Sc4ccccc4N3C(C)(C)C)C(=O)C(=C/C=C3/Sc4ccccc4N3C(C)(C)C)C2=O)Sc2ccccc21,485
O=C(C=Cc1ccc(N(c2ccccc2)c2ccccc2)cc1)c1cc(Br)c(C(=O)C=Cc2ccc(N(c3ccccc3)c3ccccc3)cc2)cc1Br,63
Fc1c(F)c(/C=C/c2ccc(N(c3ccccc3)c3ccccc3)cc2)c(F)c(F)c1/C=C/c1ccc(N(c2ccccc2)c2ccccc2)cc1,80
CCCCCCCCCCCCN(CCCCCCCCCCCC)c1ccc(-c2ccc3sc4ccccc4c(=O)c3c2)cc1,4
CCCCCCN(CCCCCC)c1ccc(C#Cc2ccc3sc4ccccc4c(=O)c3c2)cc1,22
CCCCCCCCCCCCN(CCCCCCCCCCCC)c1ccc(/C=C/c2ccc3sc4ccc(/C=C/c5ccc(N(CCCCCCCCCCCC)CCCCCCCCCCCC)cc5)cc4c(=O)c3c2)cc1,73
CCCCCCN(CCCCCC)c1ccc(C#Cc2ccc3sc4ccc(C#Cc5ccc(N(CCCCCC)CCCCCC)cc5)cc4c(=O)c3c2)cc1,128
CCCCCCCCCCCCN(CCCCCCCCCCCC)c1ccc2sc3ccc(N(CCCCCCCCCCCC)CCCCCCCCCCCC)cc3c(=O)c2c1,9
CCCCCCCCCCC1(CCCCCCCCCC)c2cc(C#Cc3ccc4c(c3)C(C)(C)C(/C=C3/C(=O)C(/C=C5/N(CC)c6ccccc6C5(C)C)=C3[O-])=[N+]4CC)ccc2-c2ccc(C#Cc3ccc4c(c3)C(C)(C)C(/C=C3/C(=O)C(/C=C5/N(CC)c6ccccc6C5(C)C)=C3[O-])=[N+]4CC)cc21,3500
CCN1/C(=C/C2=C([O-])/C(=C\C3=[N+](CC)c4ccccc4C3(C)C)C2=O)C(C)(C)c2ccccc21,5200
CN(C)c1ccc(/C=C2\Oc3ccccc3C2=O)cc1,1536
CCn1c2ccccc2c2cc(/C=C3\Oc4ccccc4C3=O)ccc21,608
O=C1/C(=C/c2cc3c4c5c(ccc4c2)C=CCC5=CC3)Oc2ccccc21,236
CCCCCCC1(CCCCCC)c2cc(-c3nc4ccc(N(c5ccc6c(c5)C(CCCCCC)(CCCCCC)c5cc7c(cc5-6)C(CCCCCC)(CCCCCC)c5cc(N(c6ccc8nc(-c9ccc%10c(c9)C(CCCCCC)(CCCCCC)c9cc(N(c%11ccccc%11)c%11ccccc%11)ccc9-%10)c(-c9ccc%10c(c9)C(CCCCCC)(CCCCCC)c9cc(N(c%11ccccc%11)c%11ccccc%11)ccc9-%10)nc8c6)c6ccc8nc(-c9ccc%10c(c9)C(CCCCCC)(CCCCCC)c9cc(N(c%11ccccc%11)c%11ccccc%11)ccc9-%10)c(-c9ccc%10c(c9)C(CCCCCC)(CCCCCC)c9cc(N(c%11ccccc%11)c%11ccccc%11)ccc9-%10)nc8c6)ccc5-7)c5ccc6nc(-c7ccc8c(c7)C(CCCCCC)(CCCCCC)c7cc(N(c9ccccc9)c9ccccc9)ccc7-8)c(-c7ccc8c(c7)C(CCCCCC)(CCCCCC)c7cc(N(c9ccccc9)c9ccccc9)ccc7-8)nc6c5)cc4nc3-c3ccc4c(c3)C(CCCCCC)(CCCCCC)c3cc(N(c5ccccc5)c5ccccc5)ccc3-4)ccc2-c2ccc(N(c3ccccc3)c3ccccc3)cc21,6200
CCCCCCC1(CCCCCC)c2cc(-c3nc4ccc(N(c5ccc6c(c5)C(CCCCCC)(CCCCCC)c5cc7c(cc5-6)C(CCCCCC)(CCCCCC)c5cc6c(cc5-7)C(CCCCCC)(CCCCCC)c5cc(N(c7ccc8nc(-c9ccc%10c(c9)C(CCCCCC)(CCCCCC)c9cc(N(c%11ccccc%11)c%11ccccc%11)ccc9-%10)c(-c9ccc%10c(c9)C(CCCCCC)(CCCCCC)c9cc(N(c%11ccccc%11)c%11ccccc%11)ccc9-%10)nc8c7)c7ccc8nc(-c9ccc%10c(c9)C(CCCCCC)(CCCCCC)c9cc(N(c%11ccccc%11)c%11ccccc%11)ccc9-%10)c(-c9ccc%10c(c9)C(CCCCCC)(CCCCCC)c9cc(N(c%11ccccc%11)c%11ccccc%11)ccc9-%10)nc8c7)ccc5-6)c5ccc6nc(-c7ccc8c(c7)C(CCCCCC)(CCCCCC)c7cc(N(c9ccccc9)c9ccccc9)ccc7-8)c(-c7ccc8c(c7)C(CCCCCC)(CCCCCC)c7cc(N(c9ccccc9)c9ccccc9)ccc7-8)nc6c5)cc4nc3-c3ccc4c(c3)C(CCCCCC)(CCCCCC)c3cc(N(c5ccccc5)c5ccccc5)ccc3-4)ccc2-c2ccc(N(c3ccccc3)c3ccccc3)cc21,10000
CCCCCCC1(CCCCCC)c2cc(-c3nnc(C(C)(C)C)o3)ccc2-c2ccc(N(c3ccc4c(c3)C(CCCCCC)(CCCCCC)c3cc(N(c5ccccc5)c5ccccc5)ccc3-4)c3ccc4c(c3)C(CCCCCC)(CCCCCC)c3cc(N(c5ccccc5)c5ccccc5)ccc3-4)cc21,600
CCCCCCC1(CCCCCC)c2cc(-c3nnc(C(C)(C)C)o3)ccc2-c2ccc(N(c3ccc4c(c3)C(CCCCCC)(CCCCCC)c3cc(N(c5ccc6c(c5)C(CCCCCC)(CCCCCC)c5cc(N(c7ccccc7)c7ccccc7)ccc5-6)c5ccc6c(c5)C(CCCCCC)(CCCCCC)c5cc(N(c7ccccc7)c7ccccc7)ccc5-6)ccc3-4)c3ccc4c(c3)C(CCCCCC)(CCCCCC)c3cc(N(c5ccc6c(c5)C(CCCCCC)(CCCCCC)c5cc(N(c7ccccc7)c7ccccc7)ccc5-6)c5ccc6c(c5)C(CCCCCC)(CCCCCC)c5cc(N(c7ccccc7)c7ccccc7)ccc5-6)ccc3-4)cc21,1400
CCCCCCC1(CCCCCC)c2cc(-c3nnc(-c4ccc5c(c4)C(CCCCCC)(CCCCCC)c4cc(N(c6ccc7c(c6)C(CCCCCC)(CCCCCC)c6cc(N(c8ccccc8)c8ccccc8)ccc6-7)c6ccc7c(c6)C(CCCCCC)(CCCCCC)c6cc(N(c8ccccc8)c8ccccc8)ccc6-7)ccc4-5)o3)ccc2-c2ccc(N(c3ccc4c(c3)C(CCCCCC)(CCCCCC)c3cc(N(c5ccccc5)c5ccccc5)ccc3-4)c3ccc4c(c3)C(CCCCCC)(CCCCCC)c3cc(N(c5ccccc5)c5ccccc5)ccc3-4)cc21,2800
CCCCCCC1(CCCCCC)c2cc(-c3nnc(-c4ccc5c(c4)C(CCCCCC)(CCCCCC)c4cc(N(c6ccc7c(c6)C(CCCCCC)(CCCCCC)c6cc(N(c8ccc9c(c8)C(CCCCCC)(CCCCCC)c8cc(N(c%10ccccc%10)c%10ccccc%10)ccc8-9)c8ccc9c(c8)C(CCCCCC)(CCCCCC)c8cc(N(c%10ccccc%10)c%10ccccc%10)ccc8-9)ccc6-7)c6ccc7c(c6)C(CCCCCC)(CCCCCC)c6cc(N(c8ccc9c(c8)C(CCCCCC)(CCCCCC)c8cc(N(c%10ccccc%10)c%10ccccc%10)ccc8-9)c8ccc9c(c8)C(CCCCCC)(CCCCCC)c8cc(N(c%10ccccc%10)c%10ccccc%10)ccc8-9)ccc6-7)ccc4-5)o3)ccc2-c2ccc(N(c3ccc4c(c3)C(CCCCCC)(CCCCCC)c3cc(N(c5ccc6c(c5)C(CCCCCC)(CCCCCC)c5cc(N(c7ccccc7)c7ccccc7)ccc5-6)c5ccc6c(c5)C(CCCCCC)(CCCCCC)c5cc(N(c7ccccc7)c7ccccc7)ccc5-6)ccc3-4)c3ccc4c(c3)C(CCCCCC)(CCCCCC)c3cc(N(c5ccc6c(c5)C(CCCCCC)(CCCCCC)c5cc(N(c7ccccc7)c7ccccc7)ccc5-6)c5ccc6c(c5)C(CCCCCC)(CCCCCC)c5cc(N(c7ccccc7)c7ccccc7)ccc5-6)ccc3-4)cc21,7000
CCOc1ccc(/C=C/c2c(COC(=O)c3ccc(OC)cc3)c3ccc(N(CC)CC)cc3oc2=O)cc1,60
CCN(CC)c1ccc2c(COC(=O)c3ccc(OC)cc3)c(C=Cc3ccc(N(C)C)cc3)c(=O)oc2c1,200
CCN(CC)c1ccc2c(COC(=O)c3ccc(OC)cc3)c(C=Cc3ccccc3)c(=O)oc2c1,40
CCN(CC)c1ccc2c(COC(=O)c3ccc(OC)cc3)c(C=Cc3ccc(C(=O)OC)cc3)c(=O)oc2c1,80
COc1ccc(C(=O)OCc2c(/C=C/c3cc4c5c(c3)CCCN5CCC4)c(=O)oc3c4c5c(cc23)CCCN5CCC4)cc1,41
C(=C/c1ccc(/C=C/c2ccc(N(c3ccccc3)c3ccc(/C=C/c4ccc(/C=C/c5ccc(N(c6ccccc6)c6ccccc6)cc5)o4)cc3)cc2)o1)\c1ccc(N(c2ccccc2)c2ccccc2)cc1,5260
C(=C/c1ccc(/C=C/c2ccc(N(c3ccccc3)c3ccc(/C=C/c4ccc(/C=C/c5ccc(N(c6ccccc6)c6ccccc6)cc5)s4)cc3)cc2)s1)\c1ccc(N(c2ccccc2)c2ccccc2)cc1,880
CCCCCCn1c(/C=C/c2ccc(N(c3ccccc3)c3ccccc3)cc2)ccc1/C=C/c1ccc(N(c2ccccc2)c2ccc(/C=C/c3ccc(/C=C/c4ccc(N(c5ccccc5)c5ccccc5)cc4)n3CCCCCC)cc2)cc1,440
CCCCn1c2ccccc2c2ccc(/C=C/c3ccc(/C=C/c4ccc5c6ccccc6n(CCCC)c5c4)cc3)cc21,22
CCCCn1c2ccccc2c2ccc(/C=C/c3cc(/C=C/c4ccc5c6ccccc6n(CCCC)c5c4)cc(-c4ccc5c6ccc(/C=C/c7ccc(/C=C/c8ccc9c%10ccc(-c%11cc(/C=C/c%12ccc%13c%14ccccc%14n(CCCC)c%13c%12)cc(/C=C/c%12ccc%13c%14ccccc%14n(CCCC)c%13c%12)c%11)cc%10n(CCCC)c9c8)cc7)cc6n(CCCC)c5c4)c3)cc21,154
CCCCN(CCCC)c1ccc(/C=C/c2c3ccc(/C=C/c4ccc(C(C)(C)C)cc4)cc3c(/C=C/c3ccc(N(CCCC)CCCC)cc3)c3ccc(/C=C/c4ccc(C(C)(C)C)cc4)cc23)cc1,600
CCCCN(CCCC)c1ccc(/C=C/c2c3ccc(/C=C/c4ccncc4)cc3c(/C=C/c3ccc(N(CCCC)CCCC)cc3)c3ccc(/C=C/c4ccncc4)cc23)cc1,750
CCCCN(CCCC)c1ccc(/C=C/c2ccc3c(/C=C/c4ccncc4)c4cc(/C=C/c5ccc(N(CCCC)CCCC)cc5)ccc4c(/C=C/c4ccncc4)c3c2)cc1,1450
O=[N+]([O-])c1ccc(/C=C/c2ccc(OCc3ccccc3)cc2)cc1,95
O=[N+]([O-])c1ccc(/C=C/c2ccc(OCc3ccc(Br)cc3)cc2)cc1,65
O=[N+]([O-])c1ccc(/C=C/c2ccc(OCc3cc(Br)cc(Br)c3)cc2)cc1,58
O=[N+]([O-])c1ccc(/C=C/c2ccc(OCc3c(Br)c(Br)c(Br)c(Br)c3Br)cc2)cc1,58
O=[N+]([O-])c1ccc(/C=C/c2ccc(OCc3ccccc3)c(OCc3ccccc3)c2)cc1,400
O=[N+]([O-])c1ccc(/C=C/c2ccc(OCc3ccc(Br)cc3)c(OCc3ccc(Br)cc3)c2)cc1,200
O=[N+]([O-])c1ccc(/C=C/c2ccc(OCc3cc(Br)cc(Br)c3)c(OCc3cc(Br)cc(Br)c3)c2)cc1,45
O=[N+]([O-])c1ccc(/C=C/c2ccc(OCc3c(Br)c(Br)c(Br)c(Br)c3Br)c(OCc3c(Br)c(Br)c(Br)c(Br)c3Br)c2)cc1,45
O=C(c1ccccc1)c1ccc(/C=C/c2ccc(N(c3ccccc3)c3ccc(/C=C/c4ccccc4)cc3)cc2)cc1,300
COc1cc(/C=C/c2ccc(N(c3ccccc3)c3ccc(/C=C/c4ccc(C(=O)c5ccccc5)cc4)cc3)cc2)cc(OC)c1OC,230
O=C(c1ccccc1)c1ccc(/C=C/c2ccc(N(c3ccccc3)c3ccc(/C=C/c4ccc([N+](=O)[O-])cc4)cc3)cc2)cc1,1450
O=[N+]([O-])c1ccc(/C=C/c2ccc(N(c3ccccc3)c3ccccc3)cc2)cc1,1430
C(=C/c1ccccn1)\c1ccc(-c2ccc(/C=C/c3ccccn3)cc2)cc1,98
c1(/C=C/c2ccc(c3ccc(/C=C/c4cnccc4)cc3)cc2)cnccc1,55
c1(/C=C/c2ccncc2)ccc(c3ccc(/C=C/c4ccncc4)cc3)cc1,105
O=C(c1ccccc1)c1ccc(/C=C/c2ccc(N(c3ccccc3)c3ccc(-c4ccc([N+](=O)[O-])cc4)cc3)cc2)cc1,220
O=C(c1ccccc1)c1ccc(/C=C/c2ccc(N(c3ccccc3)c3ccc(-c4cccc([N+](=O)[O-])c4)cc3)cc2)cc1,160
O=C(c1ccccc1)c1ccc(/C=C/c2ccc(N(c3ccccc3)c3ccc(-c4ccccc4)cc3)cc2)cc1,280
Cc1ccc(-c2ccc(N(c3ccccc3)c3ccc(/C=C/c4ccc(C(=O)c5ccccc5)cc4)cc3)cc2)cc1,360
O=C(c1ccccc1)c1ccc(/C=C/c2ccc(N(c3ccccc3)c3ccc(/C=C\c4ccccc4)cc3)cc2)cc1,880
COc1ccc(-c2ccc(N(c3ccccc3)c3ccc(/C=C/c4ccc(C(=O)c5ccccc5)cc4)cc3)cc2)cc1,1080
CN(C)c1ccc(C#Cc2ccc3nc(C#Cc4ccc(N(C)C)cc4)sc3c2)cc1,290
C(#Cc1ccc2nc(C#Cc3ccc(N(c4ccccc4)c4ccccc4)cc3)sc2c1)c1ccc(N(c2ccccc2)c2ccccc2)cc1,850
COCCN(CCOC)c1ccc(C#Cc2ccc3nc(C#Cc4ccc(N(CCOC)CCOC)cc4)sc3c2)cc1,300
OCCN(CCO)c1ccc(C#Cc2ccc3nc(C#Cc4ccc(N(CCO)CCO)cc4)sc3c2)cc1,800
CN(C)c1ccc(/C=C/c2ccc3nc(/C=C/c4ccc(N(C)C)cc4)sc3c2)cc1,600
C(=C/c1ccc2nc(/C=C/c3ccc(N(c4ccccc4)c4ccccc4)cc3)sc2c1)\c1ccc(N(c2ccccc2)c2ccccc2)cc1,1100
O=C(O)CCC1(CCC(=O)O)c2cc(-c3nc4ccccc4s3)ccc2-c2ccc([N+](=O)[O-])cc21,50
COCCOCCC1(CCOCCOC)c2cc(-c3nc4ccccc4s3)ccc2-c2ccc([N+](=O)[O-])cc21,60
CCCCCCC1(CCCCCC)c2cc(C#Cc3ccc(C4=[N+]5C(=Nc6c(-c7ccccc7)cc(-c7ccc(C#Cc8ccc9c(c8)C(CCCCCC)(CCCCCC)c8cc([N+](=O)[O-])ccc8-9)cc7)n6[B-]5(F)F)C(c5ccccc5)=C4)cc3)ccc2-c2ccc([N+](=O)[O-])cc21,590
Cc1cc(=O)oc2cc(/[NH+]=C/C=C3/C=C(C(=O)O)NC(C(=O)O)C3)ccc12,323
O=C(O)C1=C/C(=C/C=[NH+]/c2ccc3c(C(F)(F)F)cc(=O)oc3c2)CC(C(=O)O)N1,179
Cc1ccc2c(c1)C(=O)C1(O)CCN(c3ccccc3)C1=N2,667
O=C1C(c2cn(-c3ccccc3)c3ccccc23)=C([O-])/C1=C1/C=[N+](c2ccccc2)c2ccccc21,8019
COc1ccc(CN2/C(=C/C3=C([O-])/C(=C/C4=[N+](Cc5ccc(OC)cc5)c5ccc6ccccc6c5C4(C)C)C3=O)C(C)(C)c3c2ccc2ccccc32)cc1,12086
